Player,Nation,Pos,Squad,Comp,Age,Born,MP,Starts,Min,90s,GA,GA90,SoTA,Saves,Save%,W,D,L,CS,CS%,PKatt,PKA,PKsv,PKm,Save%.1,Matches,FK,CK,OG,PSxG,PSxG/SoT,PSxG+/-,/90,Cmp,Att,Cmp%,Att.1,Thr,Launch%,AvgLen,Att.2,Launch%.1,AvgLen.1,Opp,Stp,Stp%,#OPA,#OPA/90,AvgDist,Gls,Ast,G-PK,PK,CrdY,CrdR,Gls.1,Ast.1,G+A,G-PK.1,G+A-PK,xG,npxG,xA,npxG+xA,xG.1,xA.1,xG+xA,npxG.1,npxG+xA.1,2CrdY,Fls,Fld,Off,Crs,Int,TklW,PKwon,PKcon,Recov,Won,Lost,Won%
Julen Agirrezabala,es ESP,GK,Athletic Club,La Liga,21,2000,4,4,360,4,5,1.25,20,15,75,1,2,1,1,25,0,0,0,0,,Matches,0,0,0,4.6,0.25,-0.4,-0.1,10,31,32.3,56,10,37.5,36.8,26,38.5,38.3,35,2,5.7,5,1.25,17.3,0,0,0,0,0,0,0,0,0,0,0,0,0,0,0,0,0,0,0,0,0,0,0,0,0,0,0,0,0,15,0,0,
Doğan Alemdar,tr TUR,GK,Rennes,Ligue 1,19,2002,9,9,810,9,11,1.22,22,12,54.5,4,1,4,2,22.2,2,1,1,0,50,Matches,0,0,0,8.6,0.33,-2.4,-0.27,45,118,38.1,237,40,29.5,32.9,57,84.2,57.3,86,3,3.5,11,1.22,15.2,0,0,0,0,1,0,0,0,0,0,0,0,0,0,0,0,0,0,0,0,0,0,0,0,0,0,0,0,0,50,0,0,
Alisson,br BRA,GK,Liverpool,Premier League,29,1992,30,30,2700,30,20,0.67,80,60,75,22,6,2,18,60,0,0,0,0,,Matches,0,3,1,23.6,0.3,4.6,0.15,142,279,50.9,1013,164,21,29.6,145,45.5,39.8,188,17,9,48,1.6,17.6,0,1,0,0,0,0,0,0.03,0.03,0,0.03,0,0,0.4,0.4,0,0.01,0.01,0,0.01,0,0,5,0,0,0,0,0,0,190,0,0,
Alphonse Areola,fr FRA,GK,West Ham,Premier League,29,1993,1,1,90,1,1,1,3,2,66.7,0,0,1,0,0,0,0,0,0,,Matches,0,0,0,1.2,0.39,0.2,0.17,8,28,28.6,27,3,66.7,49.7,14,71.4,53.2,13,1,7.7,0,0,7,0,0,0,0,0,0,0,0,0,0,0,0,0,0,0,0,0,0,0,0,0,0,0,0,0,0,0,0,0,2,0,0,
Kepa Arrizabalaga,es ESP,GK,Chelsea,Premier League,27,1994,4,4,360,4,2,0.5,13,11,84.6,2,1,1,2,50,0,0,0,0,,Matches,0,1,0,3.3,0.26,1.3,0.34,16,39,41,118,28,28,30.8,21,28.6,30.2,31,1,3.2,5,1.25,16.2,0,0,0,0,0,0,0,0,0,0,0,0,0,0,0,0,0,0,0,0,0,0,1,0,0,0,0,0,0,16,0,0,
Sergio Asenjo,es ESP,GK,Villarreal,La Liga,32,1989,5,5,450,5,7,1.4,23,17,73.9,2,2,1,0,0,1,1,0,0,0,Matches,0,0,0,7.4,0.28,0.4,0.08,25,61,41,141,30,29.8,32.9,50,38,39,61,4,6.6,6,1.2,14.2,0,0,0,0,1,0,0,0,0,0,0,0,0,0,0,0,0,0,0,0,0,0,0,0,0,0,0,0,0,30,0,0,
Emil Audero,it ITA,GK,Sampdoria,Serie A,25,1997,24,24,2115,23.5,42,1.79,105,65,61,6,4,14,4,16.7,1,1,0,0,0,Matches,1,5,1,35,0.33,-6,-0.26,177,403,43.9,621,89,46.2,39.5,169,68.6,49.3,217,19,8.8,9,0.38,13.6,0,0,0,0,1,0,0,0,0,0,0,0,0,0.4,0.4,0,0.02,0.02,0,0.02,0,0,6,0,0,0,0,0,0,84,0,0,
Daniel Bachmann,at AUT,GK,Watford,Premier League,27,1994,11,11,990,11,26,2.36,61,39,62.3,1,0,10,0,0,3,3,0,0,0,Matches,1,4,2,21.4,0.31,-2.6,-0.23,80,206,38.8,248,40,60.9,47.1,80,68.8,51.5,101,3,3,8,0.73,13.7,0,0,0,0,0,0,0,0,0,0,0,0,0,0,0,0,0,0,0,0,0,1,2,0,0,0,0,0,1,51,0,0,
Édgar Badía,es ESP,GK,Elche,La Liga,30,1992,21,21,1890,21,29,1.38,93,69,75.3,8,4,9,5,23.8,8,6,1,1,14.3,Matches,0,6,0,34.2,0.3,5.2,0.25,192,422,45.5,544,80,52,40,189,73.5,51.5,237,18,7.6,20,0.95,16.1,0,0,0,0,2,0,0,0,0,0,0,0,0,0,0,0,0,0,0,0,0,0,1,0,0,1,0,0,0,122,0,0,
Stefan Bajic,fr FRA,GK,Saint-Étienne,Ligue 1,20,2001,7,4,510,5.7,13,2.29,27,16,59.3,0,1,3,0,0,2,2,0,0,0,Matches,1,0,0,13.4,0.43,0.4,0.07,33,86,38.4,141,39,39.7,34.7,44,68.2,50.2,53,1,1.9,9,1.59,15.7,0,0,0,0,0,0,0,0,0,0,0,0,0,0,0,0,0,0,0,0,0,0,1,0,0,0,0,0,0,45,0,0,
Oliver Baumann,de GER,GK,Hoffenheim,Bundesliga,31,1990,29,29,2610,29,42,1.45,125,85,67.2,12,6,11,8,27.6,3,1,1,1,50,Matches,0,8,1,42.5,0.34,1.5,0.05,150,407,36.9,1181,153,30.1,32.3,185,27.6,30,241,21,8.7,40,1.38,15.9,0,0,0,0,1,0,0,0,0,0,0,0,0,0,0,0,0,0,0,0,0,0,3,0,0,0,0,0,0,199,0,0,
Asmir Begović,ba BIH,GK,Everton,Premier League,34,1987,2,2,180,2,3,1.5,9,7,66.7,1,0,1,1,50,0,0,0,0,,Matches,0,0,1,2.2,0.25,0.2,0.11,13,47,27.7,32,3,87.5,57.3,23,82.6,58.5,12,1,8.3,0,0,14.7,0,0,0,0,0,0,0,0,0,0,0,0,0,0,0,0,0,0,0,0,0,0,0,0,0,0,0,0,0,7,0,0,
Vid Belec,si SVN,GK,Salernitana,Serie A,31,1990,21,20,1821,20.2,45,2.22,119,78,64.7,3,2,15,1,5,4,3,0,1,0,Matches,0,6,2,34.9,0.27,-8.1,-0.4,146,340,42.9,376,70,56.6,44.8,170,74.7,53.6,201,10,5,6,0.3,12.6,0,0,0,0,0,0,0,0,0,0,0,0,0,0,0,0,0,0,0,0,0,0,1,0,0,0,0,0,0,77,0,0,
Walter Benítez,ar ARG,GK,Nice,Ligue 1,29,1993,31,31,2790,31,27,0.87,112,89,79.5,16,7,8,12,38.7,5,4,1,0,20,Matches,1,1,0,31.9,0.25,4.9,0.16,150,367,40.9,633,127,37,34.1,224,59.4,45.7,273,11,4,19,0.61,14.2,0,0,0,0,2,0,0,0,0,0,0,0,0,0,0,0,0,0,0,0,0,0,6,0,0,0,0,0,0,140,0,0,
Etrit Berisha,al ALB,GK,Torino,Serie A,33,1989,6,6,540,6,3,0.5,21,17,85.7,1,4,1,3,50,0,0,0,0,,Matches,0,0,0,6.8,0.32,3.8,0.63,29,125,23.2,139,22,58.3,46.3,51,86.3,60.9,58,6,10.3,4,0.67,14.6,0,0,0,0,1,0,0,0,0,0,0,0,0,0,0,0,0,0,0,0,0,0,2,0,0,0,0,0,0,33,0,0,
Paul Bernardoni,fr FRA,GK,Angers,Ligue 1,25,1997,13,13,1170,13,19,1.46,43,27,62.8,4,5,4,4,30.8,3,3,0,0,0,Matches,2,6,0,14.1,0.27,-4.9,-0.37,55,122,45.1,239,82,32.6,35.2,98,44.9,40.5,134,17,12.7,7,0.54,14.5,0,0,0,0,0,0,0,0,0,0,0,0,0,0,0,0,0,0,0,0,0,0,2,0,0,0,0,0,0,60,0,0,
Paul Bernardoni,fr FRA,GK,Saint-Étienne,Ligue 1,25,1997,13,13,1170,13,18,1.38,54,37,74.1,5,3,5,3,23.1,4,4,0,0,0,Matches,0,3,1,20.2,0.31,-0.8,-0.06,64,216,29.6,296,77,52.7,40.4,86,69.8,49.8,93,11,11.8,21,1.62,16.2,0,0,0,0,0,0,0,0,0,0,0,0,0,0,0,0,0,0,0,0,0,0,3,0,0,0,0,0,0,86,0,0,
Dimitry Bertaud,fr FRA,GK,Montpellier,Ligue 1,23,1998,8,6,563,6.3,12,1.92,38,27,68.4,2,2,2,2,33.3,0,0,0,0,,Matches,1,1,1,11.2,0.29,0.2,0.03,47,110,42.7,156,38,47.4,38.5,60,60,46.5,62,9,14.5,1,0.16,12.9,0,0,0,0,0,0,0,0,0,0,0,0,0,0,0,0,0,0,0,0,0,0,2,0,0,0,0,0,0,26,0,0,
Marco Bizot,nl NED,GK,Brest,Ligue 1,31,1991,32,32,2880,32,47,1.47,137,94,67.9,10,9,13,5,15.6,3,3,0,0,0,Matches,0,9,2,37.8,0.26,-7.2,-0.23,263,551,47.7,722,160,47.9,40.6,274,74.8,55.5,255,21,8.2,19,0.59,14.8,0,1,0,0,1,0,0,0.03,0.03,0,0.03,0,0,0.3,0.3,0,0.01,0.01,0,0.01,0,0,3,0,0,1,0,0,0,178,0,0,
Yassine Bounou,ma MAR,GK,Sevilla,La Liga,31,1991,26,26,2340,26,19,0.73,78,59,76.9,13,9,4,12,46.2,2,1,1,0,50,Matches,1,5,0,21.9,0.26,2.9,0.11,159,367,43.3,719,88,35,35.8,196,58.7,46.4,207,18,8.7,15,0.58,14.6,0,2,0,0,2,0,0,0.08,0.08,0,0.08,0,0,0.6,0.6,0,0.02,0.02,0,0.02,0,0,2,0,0,0,0,0,0,99,0,1,0
Claudio Bravo,cl CHI,GK,Betis,La Liga,39,1983,15,15,1350,15,19,1.27,53,37,66,8,3,4,4,26.7,1,1,0,0,0,Matches,0,1,2,19.4,0.35,2.4,0.16,101,264,38.3,371,41,54.7,44.7,91,67,51.9,154,3,1.9,8,0.53,13.4,0,0,0,0,2,0,0,0,0,0,0,0,0,0.2,0.2,0,0.01,0.01,0,0.01,0,1,1,0,0,0,0,0,1,61,1,0,100
Fabian Bredlow,de GER,GK,Stuttgart,Bundesliga,27,1995,4,4,360,4,7,1.75,24,17,70.8,0,2,2,0,0,0,0,0,0,,Matches,0,3,0,6.9,0.29,-0.1,-0.01,12,24,50,90,22,23.3,28.7,37,8.1,19.9,38,1,2.6,4,1,16,0,0,0,0,0,0,0,0,0,0,0,0,0,0,0,0,0,0,0,0,0,0,2,0,0,0,0,0,0,21,0,0,
Sascha Burchert,de GER,GK,Greuther Fürth,Bundesliga,32,1989,13,13,1170,13,26,2,67,43,64.2,2,4,7,3,23.1,2,2,0,0,0,Matches,1,4,2,21.3,0.31,-2.7,-0.21,121,316,38.3,395,42,57,45.4,111,82,57.3,134,7,5.2,17,1.31,16.3,0,0,0,0,0,0,0,0,0,0,0,0,0,0.1,0.1,0,0.01,0.01,0,0.01,0,0,1,0,0,0,0,0,0,77,0,0,
Jack Butland,eng ENG,GK,Crystal Palace,Premier League,29,1993,6,5,495,5.5,9,1.64,16,9,43.8,1,3,1,0,0,1,0,1,0,100,Matches,1,1,2,6.9,0.38,-0.1,-0.02,21,73,28.8,144,23,36.1,33.1,44,47.7,40,57,3,5.3,2,0.36,12.1,0,0,0,0,0,0,0,0,0,0,0,0,0,0,0,0,0,0,0,0,0,0,1,0,0,0,0,0,0,18,0,0,
Marcin Bułka,pl POL,GK,Nice,Ligue 1,22,1999,1,1,90,1,1,1,5,4,80,0,0,1,0,0,0,0,0,0,,Matches,0,0,0,1.5,0.29,0.5,0.47,3,4,75,16,6,12.5,20.4,7,28.6,25.9,10,0,0,0,0,18.5,0,0,0,0,0,0,0,0,0,0,0,0,0,0,0,0,0,0,0,0,0,0,0,0,0,0,0,0,0,3,0,0,
Willy Caballero,ar ARG,GK,Southampton,Premier League,40,1981,2,2,180,2,5,2.5,11,6,54.5,0,1,1,0,0,0,0,0,0,,Matches,0,1,0,4.3,0.4,-0.7,-0.36,20,39,51.3,46,0,58.7,42.1,13,92.3,59.1,21,1,4.8,4,2,21.7,0,0,0,0,1,0,0,0,0,0,0,0,0,0,0,0,0,0,0,0,0,0,0,0,0,0,0,0,0,6,0,0,
Marc-Aurèle Caillard,fr FRA,GK,Metz,Ligue 1,27,1994,14,13,1173,13,21,1.61,58,38,67.2,2,4,7,4,30.8,2,2,0,0,0,Matches,0,7,0,21.6,0.35,0.6,0.04,85,217,39.2,225,66,50.2,42.6,118,88.1,61,108,3,2.8,6,0.46,13.9,0,0,0,0,1,0,0,0,0,0,0,0,0,0,0,0,0,0,0,0,0,0,5,0,0,0,0,0,0,58,0,0,
Cárdenas,es ESP,GK,Levante,La Liga,25,1997,19,19,1710,19,33,1.74,80,49,62.5,4,5,10,5,26.3,3,3,0,0,0,Matches,1,4,0,27,0.3,-6,-0.32,96,259,37.1,431,73,44.8,39.5,154,42.9,37.7,191,11,5.8,11,0.58,13.8,0,0,0,0,3,0,0,0,0,0,0,0,0,0,0,0,0,0,0,0,0,0,3,0,0,0,0,0,0,87,0,0,
Kiko Casilla,es ESP,GK,Elche,La Liga,35,1986,12,12,1080,12,15,1.25,54,39,72.2,2,4,6,3,25,0,0,0,0,,Matches,0,1,0,13.7,0.25,-1.3,-0.11,79,218,36.2,288,62,52.1,41.7,119,57.1,44.2,121,7,5.8,10,0.83,15.5,0,0,0,0,3,0,0,0,0,0,0,0,0,0.1,0.1,0,0.01,0.01,0,0.01,0,0,1,0,0,0,0,0,0,67,0,0,
Koen Casteels,be BEL,GK,Wolfsburg,Bundesliga,29,1992,25,25,2250,25,37,1.48,96,62,64.6,10,4,11,9,36,6,3,2,1,40,Matches,0,3,0,36.4,0.35,-0.6,-0.02,186,384,48.4,780,121,37.6,35.3,176,51.7,43.6,218,15,6.9,20,0.8,14.3,0,0,0,0,1,0,0,0,0,0,0,0,0,0,0,0,0,0,0,0,0,0,2,0,0,0,0,0,0,132,0,0,
Leonardo César Jardim,br BRA,GK,Lille,Ligue 1,27,1995,11,11,990,11,10,0.91,41,32,78,4,5,2,7,63.6,2,1,1,0,50,Matches,0,3,1,9,0.22,0,0,41,124,33.1,199,49,40.2,35.4,80,55,44.8,82,6,7.3,9,0.82,16.4,0,0,0,0,0,0,0,0,0,0,0,0,0,0,0,0,0,0,0,0,0,0,4,0,0,0,0,0,0,45,0,0,
Jasper Cillessen,nl NED,GK,Valencia,La Liga,32,1989,16,16,1367,15.2,28,1.84,68,45,66.2,4,7,5,3,18.8,6,5,1,0,16.7,Matches,0,4,2,29,0.37,3,0.2,111,255,43.5,330,64,55.5,45.9,96,75,57.4,118,9,7.6,7,0.46,15.1,0,1,0,0,1,0,0,0.07,0.07,0,0.07,0,0,0,0,0,0,0,0,0,0,0,1,0,0,0,0,0,0,68,0,0,
Diego Conde,es ESP,GK,Getafe,La Liga,23,1998,1,0,6,0.1,0,0,0,0,,0,0,0,1,,0,0,0,0,,Matches,0,0,0,0,,0,0,0,6,0,4,0,100,65.3,2,100,68.5,2,0,0,0,0,,0,0,0,0,0,0,0,0,0,0,0,0,0,0,0,0,0,0,0,0,0,0,0,0,0,0,0,0,0,0,0,0,
Andrea Consigli,it ITA,GK,Sassuolo,Serie A,35,1987,32,32,2880,32,50,1.56,128,84,66.4,12,10,10,3,9.4,8,7,1,0,12.5,Matches,0,6,1,50.8,0.35,1.8,0.06,237,492,48.2,1057,142,38.5,35.1,225,37.8,31.9,290,18,6.2,18,0.56,12.9,0,0,0,0,2,0,0,0,0,0,0,0,0,0.1,0.1,0,0,0,0,0,0,2,6,0,0,0,0,0,2,150,0,0,
Benoît Costil,fr FRA,GK,Bordeaux,Ligue 1,34,1987,22,22,1980,22,52,2.36,113,66,58.4,3,8,11,0,0,5,5,0,0,0,Matches,1,6,0,40.8,0.32,-11.2,-0.51,187,422,44.3,615,70,47.8,39.8,182,70.3,52,168,13,7.7,22,1,16.7,0,0,0,0,1,0,0,0,0,0,0,0,0,0,0,0,0,0,0,0,0,0,5,0,0,0,0,0,0,112,0,0,
Thibaut Courtois,be BEL,GK,Real Madrid,La Liga,29,1992,32,32,2880,32,28,0.87,105,78,75.2,23,6,3,13,40.6,3,2,1,0,33.3,Matches,1,2,0,31.2,0.27,3.2,0.1,100,279,35.8,827,168,24.3,31.8,176,44.3,40.3,281,26,9.3,20,0.63,14.5,0,0,0,0,1,0,0,0,0,0,0,0,0,0,0,0,0,0,0,0,0,1,2,0,0,0,0,0,1,123,0,0,
Alessio Cragno,it ITA,GK,Cagliari,Serie A,27,1994,30,30,2700,30,56,1.87,151,98,66.2,6,8,16,1,3.3,7,5,2,0,28.6,Matches,4,10,1,55.1,0.34,0.1,0,286,658,43.5,773,95,59.5,43.7,274,72.3,50.5,247,18,7.3,16,0.53,15,0,0,0,0,2,0,0,0,0,0,0,0,0,0,0,0,0,0,0,0,0,1,7,0,0,0,1,0,1,127,0,0,
Karl Darlow,eng ENG,GK,Newcastle Utd,Premier League,31,1990,8,8,720,8,15,1.87,37,25,64.9,0,5,3,0,0,2,2,0,0,0,Matches,0,1,1,10.6,0.24,-3.4,-0.42,75,172,43.6,189,29,64.6,49.8,64,78.1,59.8,69,8,11.6,4,0.5,14.9,0,0,0,0,1,0,0,0,0,0,0,0,0,0,0,0,0,0,0,0,0,1,2,0,0,0,0,0,1,31,0,0,
Arthur Desmas,fr FRA,GK,Clermont Foot,Ligue 1,28,1994,15,15,1304,14.5,33,2.28,64,35,53.1,3,5,7,3,20,3,3,0,0,0,Matches,0,4,1,23.9,0.34,-8.1,-0.56,39,146,26.7,302,53,31.8,33.8,112,44.6,36.8,87,3,3.4,5,0.35,12.3,0,0,0,0,0,0,0,0,0,0,0,0,0,0,0,0,0,0,0,0,0,0,3,0,0,0,0,0,0,61,0,0,
Javier Díaz,es ESP,GK,Sevilla,La Liga,24,1997,1,1,90,1,1,1,2,1,50,0,1,0,0,0,0,0,0,0,,Matches,0,0,0,0.3,0.15,-0.7,-0.7,5,10,50,30,2,26.7,31.9,3,66.7,50.3,12,1,8.3,1,1,25,0,0,0,0,0,0,0,0,0,0,0,0,0,0,0,0,0,0,0,0,0,0,0,0,0,0,0,0,0,2,0,0,
Stole Dimitrievski,mk MKD,GK,Rayo Vallecano,La Liga,28,1993,25,24,2232,24.8,29,1.17,89,67,75.3,9,6,9,6,25,9,7,2,0,22.2,Matches,0,4,1,32,0.28,4,0.16,169,487,34.7,577,115,60,47.5,182,77.5,58.1,194,18,9.3,12,0.48,12.7,0,0,0,0,0,0,0,0,0,0,0,0,0,0,0,0,0,0,0,0,0,0,7,0,0,0,0,0,0,130,0,0,
Matías Dituro,ar ARG,GK,Celta Vigo,La Liga,34,1987,32,32,2880,32,35,1.09,110,80,71.8,10,9,13,12,37.5,8,4,4,0,50,Matches,0,1,1,39.3,0.3,5.3,0.17,299,707,42.3,1000,116,53.5,43.8,236,72.9,55,244,36,14.8,27,0.84,15.4,0,0,0,0,0,0,0,0,0,0,0,0,0,0,0,0,0,0,0,0,0,0,2,0,0,0,0,0,0,170,0,0,
Ouparine Djoco,sn SEN,GK,Clermont Foot,Ligue 1,23,1998,18,17,1576,17.5,28,1.6,71,46,63.4,4,3,10,4,23.5,2,2,0,0,0,Matches,0,5,2,21.4,0.28,-4.6,-0.26,93,264,35.2,430,74,44.9,37.9,111,64,45,138,7,5.1,13,0.74,14.5,0,0,0,0,0,0,0,0,0,0,0,0,0,0,0,0,0,0,0,0,0,1,3,0,0,0,0,0,1,101,0,0,
Marko Dmitrović,rs SRB,GK,Sevilla,La Liga,30,1992,5,5,450,5,5,1,17,12,70.6,3,2,0,3,60,0,0,0,0,,Matches,0,0,0,5.2,0.31,0.2,0.05,16,43,37.2,150,22,22.7,30.4,24,37.5,39.7,40,3,7.5,9,1.8,19,0,0,0,0,0,0,0,0,0,0,0,0,0,0,0,0,0,0,0,0,0,0,1,0,0,0,0,0,0,25,0,0,
Jaume Doménech,es ESP,GK,Valencia,La Liga,31,1990,3,2,253,2.8,4,1.42,8,5,50,1,0,1,0,0,0,0,0,0,,Matches,0,1,1,3.9,0.49,0.9,0.32,31,62,50,59,7,69.5,46.6,27,77.8,53,32,3,9.4,1,0.36,11,0,0,0,0,1,0,0,0,0,0,0,0,0,0,0,0,0,0,0,0,0,0,0,0,0,0,0,0,0,16,0,0,
Gianluigi Donnarumma,it ITA,GK,Paris S-G,Ligue 1,23,1999,15,15,1350,15,14,0.93,55,41,76.4,12,1,2,4,26.7,1,1,0,0,0,Matches,0,3,0,16.5,0.29,2.5,0.17,32,56,57.1,318,92,13.5,23.7,81,16,21.6,96,5,5.2,20,1.33,17.5,0,0,0,0,2,0,0,0,0,0,0,0,0,0,0,0,0,0,0,0,0,0,2,0,0,0,0,0,0,59,0,0,
Bartłomiej Drągowski,pl POL,GK,Fiorentina,Serie A,24,1997,7,7,556,6.2,8,1.29,23,16,69.6,3,0,4,2,28.6,2,1,1,0,50,Matches,0,1,0,8.3,0.28,0.3,0.05,53,119,44.5,305,23,33.1,33.9,39,46.2,43.6,31,5,16.1,13,2.1,17.7,0,0,0,0,0,1,0,0,0,0,0,0,0,0,0,0,0,0,0,0,0,0,1,0,0,0,0,0,0,28,0,0,
Matthieu Dreyer,fr FRA,GK,Lorient,Ligue 1,33,1989,10,10,900,10,14,1.4,33,20,60.6,4,2,4,5,50,1,1,0,0,0,Matches,0,0,0,11.4,0.32,-2.6,-0.26,57,161,35.4,195,21,47.2,40.4,86,80.2,53.9,94,4,4.3,1,0.1,12.5,0,0,0,0,0,0,0,0,0,0,0,0,0,0,0,0,0,0,0,0,0,0,1,0,0,0,0,0,0,37,0,0,
Martin Dúbravka,sk SVK,GK,Newcastle Utd,Premier League,33,1989,20,20,1800,20,28,1.4,76,48,64.5,9,4,7,5,25,1,1,0,0,0,Matches,0,5,1,29.4,0.38,2.4,0.12,176,393,44.8,451,64,50.8,41.7,181,90.6,62.6,167,13,7.8,6,0.3,12,0,0,0,0,1,0,0,0,0,0,0,0,0,0,0,0,0,0,0,0,0,0,5,0,0,0,0,0,0,82,0,0,
Ederson,br BRA,GK,Manchester City,Premier League,28,1993,30,30,2700,30,20,0.67,69,48,72.5,22,5,3,17,56.7,1,1,0,0,0,Matches,0,1,0,18.6,0.26,-1.4,-0.05,118,212,55.7,799,125,23.2,29.7,114,23.7,31.2,144,14,9.7,27,0.9,16.6,0,0,0,0,3,0,0,0,0,0,0,0,0,0.1,0.1,0,0,0,0,0,0,1,7,0,0,0,0,0,1,101,0,0,
Aarón Escandell,es ESP,GK,Granada,La Liga,26,1995,4,3,284,3.2,6,1.9,14,10,71.4,0,2,1,1,33.3,2,2,0,0,0,Matches,0,0,0,4.2,0.19,-1.8,-0.58,39,89,43.8,88,13,68.2,48.1,37,78.4,54.3,26,2,7.7,7,2.22,14.5,0,0,0,0,1,1,0,0,0,0,0,0,0,0,0,0,0,0,0,0,0,0,1,0,0,0,0,0,0,24,0,0,
Michael Esser,de GER,GK,Bochum,Bundesliga,34,1987,2,2,180,2,4,2,8,5,62.5,2,0,0,0,0,1,1,0,0,0,Matches,0,1,0,3.5,0.32,-0.5,-0.24,15,56,26.8,64,6,57.8,42.7,26,73.1,48.6,23,0,0,0,0,9.1,0,0,0,0,0,0,0,0,0,0,0,0,0,0,0,0,0,0,0,0,0,0,0,0,0,0,0,0,0,13,0,0,
Łukasz Fabiański,pl POL,GK,West Ham,Premier League,37,1985,32,32,2880,32,42,1.31,129,85,69,15,7,10,7,21.9,4,2,1,1,33.3,Matches,1,7,1,41.7,0.31,0.7,0.02,211,512,41.2,604,120,56.8,44.4,231,73.2,54,293,11,3.8,6,0.19,11.8,0,0,0,0,1,0,0,0,0,0,0,0,0,0,0,0,0,0,0,0,0,1,5,0,0,0,0,0,1,116,0,0,
Wladimiro Falcone,it ITA,GK,Sampdoria,Serie A,27,1995,10,9,855,9.5,14,1.47,53,41,75.5,2,1,6,2,22.2,1,1,0,0,0,Matches,0,0,1,15.7,0.28,2.7,0.29,65,168,38.7,284,44,40.5,36.7,74,71.6,49.1,108,9,8.3,1,0.11,11.9,0,0,0,0,2,0,0,0,0,0,0,0,0,0,0,0,0,0,0,0,0,0,1,0,0,0,0,0,0,48,0,0,
Wuilker Faríñez,ve VEN,GK,Lens,Ligue 1,24,1998,8,7,675,7.5,10,1.33,27,18,66.7,4,2,1,2,28.6,1,1,0,0,0,Matches,0,0,0,7.7,0.26,-2.3,-0.3,21,65,32.3,139,33,38.1,32.9,54,22.2,24.9,61,0,0,8,1.07,15.1,0,0,0,0,0,0,0,0,0,0,0,0,0,0,0,0,0,0,0,0,0,0,0,0,0,0,0,0,0,41,0,0,
Aitor Fernández,es ESP,GK,Levante,La Liga,30,1991,13,13,1166,13,29,2.24,79,51,64.6,1,5,7,2,15.4,2,1,1,0,50,Matches,0,8,0,24.9,0.29,-4.1,-0.32,73,174,42,290,62,46.2,40.2,91,44,36.4,111,5,4.5,11,0.85,16.3,0,0,0,0,1,1,0,0,0,0,0,0,0,0,0,0,0,0,0,0,0,0,4,0,0,0,1,0,0,51,0,0,
Álvaro Fernández,es ESP,GK,Brentford,Premier League,24,1998,12,12,1080,12,24,2,67,46,65.7,3,2,7,1,8.3,1,1,0,0,0,Matches,0,5,2,24.7,0.36,2.7,0.23,82,247,33.2,417,56,48,38.6,83,56.6,41,123,7,5.7,10,0.83,14.3,0,0,0,0,0,0,0,0,0,0,0,0,0,0,0,0,0,0,0,0,0,0,3,0,0,0,0,0,0,68,0,0,
Vincenzo Fiorillo,it ITA,GK,Salernitana,Serie A,32,1990,1,1,90,1,5,5,8,3,37.5,0,0,1,0,0,0,0,0,0,,Matches,0,1,0,2.6,0.33,-2.4,-2.38,11,19,57.9,20,4,50,41.3,11,81.8,53.3,7,1,14.3,0,0,10,0,0,0,0,0,0,0,0,0,0,0,0,0,0,0,0,0,0,0,0,0,0,0,0,0,0,0,0,0,2,0,0,
Mark Flekken,nl NED,GK,Freiburg,Bundesliga,28,1993,28,28,2520,28,27,0.96,121,96,78.5,14,8,6,10,35.7,1,1,0,0,0,Matches,1,3,1,30.8,0.26,4.8,0.17,259,626,41.4,968,104,47.9,42.9,213,76.1,62.5,256,15,5.9,23,0.82,15.3,0,0,0,0,0,0,0,0,0,0,0,0,0,0.1,0.1,0,0,0,0,0,0,0,1,0,0,0,0,0,0,148,0,0,
Fraser Forster,eng ENG,GK,Southampton,Premier League,34,1988,15,15,1350,15,26,1.73,77,54,68.8,6,4,5,3,20,2,2,0,0,0,Matches,0,3,1,26.3,0.32,1.3,0.09,100,302,33.1,373,55,55.5,45.1,115,82.6,57.2,148,15,10.1,10,0.67,13.1,0,0,0,0,1,0,0,0,0,0,0,0,0,0,0,0,0,0,0,0,0,0,3,0,0,0,0,0,0,67,0,0,
Ben Foster,eng ENG,GK,Watford,Premier League,39,1983,21,21,1890,21,36,1.71,80,45,56.3,5,4,12,3,14.3,2,1,1,0,50,Matches,0,4,1,31,0.37,-4,-0.19,189,541,34.9,525,57,71.2,51.6,185,90.3,64.5,212,11,5.2,23,1.1,15.8,0,1,0,0,0,0,0,0.05,0.05,0,0.05,0,0,0.1,0.1,0,0,0,0,0,0,0,4,0,0,0,0,0,0,107,0,0,
Marius Funk,de GER,GK,Greuther Fürth,Bundesliga,26,1996,8,8,720,8,30,3.75,52,26,46.2,0,0,8,0,0,2,2,0,0,0,Matches,0,4,2,24.4,0.44,-3.6,-0.46,70,193,36.3,293,28,49.5,42.1,69,69.6,53.8,51,3,5.9,12,1.5,17,0,0,0,0,0,0,0,0,0,0,0,0,0,0.1,0.1,0,0.02,0.02,0,0.02,0,1,1,0,0,0,0,0,1,37,0,0,
Gauthier Gallon,fr FRA,GK,Troyes,Ligue 1,28,1993,30,30,2700,30,42,1.4,119,86,71.4,8,8,14,8,26.7,8,8,0,0,0,Matches,0,7,2,38.6,0.26,-1.4,-0.05,212,501,42.3,778,151,46,38.8,242,59.1,43.5,276,18,6.5,13,0.43,12.7,0,0,0,0,2,0,0,0,0,0,0,0,0,0,0,0,0,0,0,0,0,0,8,0,0,0,0,0,0,153,0,0,
Joan García,es ESP,GK,Espanyol,La Liga,20,2001,2,1,108,1.2,3,2.5,3,0,0,0,0,1,0,0,0,0,0,0,,Matches,0,0,0,1.2,0.39,-1.8,-1.53,4,12,33.3,31,9,32.3,31.4,2,100,71.5,11,2,18.2,2,1.67,18.6,0,0,0,0,0,0,0,0,0,0,0,0,0,0,0,0,0,0,0,0,0,0,0,0,0,0,0,0,0,9,0,0,
David de Gea,es ESP,GK,Manchester Utd,Premier League,31,1990,33,33,2970,33,48,1.45,153,108,69.9,15,9,9,7,21.2,5,2,3,0,60,Matches,0,6,3,53.4,0.33,8.4,0.25,123,334,36.8,534,110,37.6,35.4,261,51,42.3,250,8,3.2,8,0.24,13.8,0,0,0,0,0,0,0,0,0,0,0,0,0,0,0,0,0,0,0,0,0,0,1,0,0,0,0,0,0,96,0,0,
Luca Gemello,it ITA,GK,Torino,Serie A,21,2000,1,1,90,1,0,0,4,4,100,1,0,0,1,100,0,0,0,0,,Matches,0,0,0,0.8,0.2,0.8,0.8,9,28,32.1,31,1,80.6,51.8,3,100,60.7,4,0,0,0,0,12,0,0,0,0,0,0,0,0,0,0,0,0,0,0,0,0,0,0,0,0,0,0,0,0,0,0,0,0,0,4,0,0,
Rafał Gikiewicz,pl POL,GK,Augsburg,Bundesliga,34,1987,30,30,2700,30,47,1.57,132,87,66.7,8,8,14,8,26.7,3,3,0,0,0,Matches,1,3,2,42.9,0.31,-2.1,-0.07,232,594,39.1,855,122,48.9,40.5,256,68.8,51.5,269,19,7.1,32,1.07,16,0,0,0,0,0,0,0,0,0,0,0,0,0,0.1,0.1,0,0,0,0,0,0,0,6,0,0,0,0,0,0,167,0,0,
Alfred Gomis,sn SEN,GK,Rennes,Ligue 1,28,1993,22,22,1980,22,21,0.95,55,37,69.1,13,4,5,9,40.9,4,4,0,0,0,Matches,0,3,1,21,0.34,1,0.05,130,285,45.6,555,101,35,33.9,134,67.9,51,210,11,5.2,14,0.64,14.7,0,0,0,0,1,0,0,0,0,0,0,0,0,0,0,0,0,0,0,0,0,1,4,0,0,0,0,0,1,132,0,0,
Jens Grahl,de GER,GK,Eint Frankfurt,Bundesliga,33,1988,1,1,90,1,2,2,4,2,50,0,0,1,0,0,0,0,0,0,,Matches,0,0,0,1.1,0.27,-0.9,-0.91,2,6,33.3,19,5,10.5,26.1,11,36.4,40.5,9,1,11.1,0,0,13,0,0,0,0,0,0,0,0,0,0,0,0,0,0,0,0,0,0,0,0,0,0,0,0,0,0,0,0,0,3,0,0,
Ivo Grbić,hr CRO,GK,Lille,Ligue 1,26,1996,21,21,1890,21,28,1.33,88,63,70.5,8,7,6,2,9.5,2,2,0,0,0,Matches,1,6,1,27.2,0.29,0.2,0.01,110,287,38.3,419,85,44.6,38.7,164,61,46.2,203,21,10.3,13,0.62,14.5,0,0,0,0,3,0,0,0,0,0,0,0,0,0,0,0,0,0,0,0,0,0,9,0,0,0,0,0,0,74,0,0,
Etienne Green,eng ENG,GK,Saint-Étienne,Ligue 1,21,2000,15,15,1197,13.3,27,2.03,67,43,61.2,2,5,8,1,6.7,1,1,0,0,0,Matches,1,3,2,20.6,0.29,-4.4,-0.33,75,188,39.9,295,65,41.7,37.9,109,59.6,47.4,112,9,8,8,0.6,14.5,0,0,0,0,1,1,0,0,0,0,0,0,0,0.3,0.3,0,0.02,0.02,0,0.02,0,1,1,0,0,0,0,0,1,63,0,0,
Dominik Greif,sk SVK,GK,Mallorca,La Liga,25,1997,1,1,90,1,3,3,6,3,50,0,0,1,0,0,0,0,0,0,,Matches,1,0,0,1.1,0.19,-1.9,-1.87,2,13,15.4,21,6,42.9,37.8,10,40,37.4,8,0,0,1,1,13,0,0,0,0,0,0,0,0,0,0,0,0,0,0,0,0,0,0,0,0,0,0,0,0,0,0,0,0,0,8,0,0,
Lennart Grill,de GER,GK,Leverkusen,Bundesliga,23,1999,1,1,90,1,2,2,6,5,66.7,1,0,0,0,0,0,0,0,0,,Matches,0,0,1,1.1,0.19,0.1,0.15,4,17,23.5,36,6,30.6,32.1,9,66.7,47.9,8,0,0,0,0,7.9,0,0,0,0,0,0,0,0,0,0,0,0,0,0,0,0,0,0,0,0,0,0,0,0,0,0,0,0,0,5,0,0,
Vicente Guaita,es ESP,GK,Crystal Palace,Premier League,35,1987,26,26,2295,25.5,31,1.22,100,72,72,7,10,9,9,34.6,3,3,0,0,0,Matches,1,9,0,27.1,0.25,-3.9,-0.15,138,302,45.7,640,134,34.8,32.9,173,45.7,36.9,194,14,7.2,13,0.51,14.1,0,0,0,0,2,0,0,0,0,0,0,0,0,0,0,0,0,0,0,0,0,1,2,0,0,0,0,0,1,125,0,0,
Péter Gulácsi,hu HUN,GK,RB Leipzig,Bundesliga,31,1990,29,29,2610,29,28,0.97,92,68,72.8,16,6,7,9,31,3,3,0,0,0,Matches,0,6,1,29.6,0.3,2.6,0.09,135,339,39.8,857,135,31.5,33,180,38.3,35.5,206,8,3.9,38,1.31,18,0,0,0,0,1,0,0,0,0,0,0,0,0,0,0,0,0,0,0,0,0,0,3,0,0,0,0,0,0,148,0,0,
Angus Gunn,eng ENG,GK,Norwich City,Premier League,26,1996,7,7,630,7,18,2.57,42,26,61.9,1,1,5,1,14.3,4,2,1,1,33.3,Matches,0,2,0,18.4,0.39,0.4,0.06,46,112,41.1,162,32,53.1,40.3,62,41.9,38.5,69,6,8.7,6,0.86,14.6,0,0,0,0,0,0,0,0,0,0,0,0,0,0,0,0,0,0,0,0,0,0,0,0,0,0,0,0,0,31,0,0,
Samir Handanović,si SVN,GK,Inter,Serie A,37,1984,32,32,2880,32,25,0.78,107,85,80.4,20,9,3,14,43.8,4,4,0,0,0,Matches,0,3,1,26.8,0.22,2.8,0.09,183,335,54.6,954,138,31,30.5,131,29.8,30.5,219,11,5,2,0.06,11.9,0,0,0,0,1,0,0,0,0,0,0,0,0,0,0,0,0,0,0,0,0,0,2,0,0,0,0,0,0,94,0,0,
Wayne Hennessey,wls WAL,GK,Burnley,Premier League,35,1987,2,2,180,2,6,3,13,7,53.8,0,0,2,0,0,0,0,0,0,,Matches,0,1,1,4.2,0.34,-0.8,-0.38,26,65,40,59,8,76.3,57.8,21,95.2,69.9,20,1,5,3,1.5,15.9,0,0,0,0,0,0,0,0,0,0,0,0,0,0.1,0.1,0,0.06,0.06,0,0.06,0,0,1,0,0,0,0,0,0,12,0,0,
Sergio Herrera,es ESP,GK,Osasuna,La Liga,28,1993,31,31,2790,31,39,1.26,109,74,67.9,12,8,11,12,38.7,5,4,1,0,20,Matches,0,8,1,35.6,0.3,-2.4,-0.08,370,776,47.7,732,60,74.6,53.9,261,88.1,62.2,327,19,5.8,36,1.16,15.8,0,0,0,0,3,0,0,0,0,0,0,0,0,0,0,0,0,0,0,0,0,0,9,0,0,0,0,0,0,158,0,0,
Marwin Hitz,ch SUI,GK,Dortmund,Bundesliga,34,1987,2,1,135,1.5,4,2.67,9,6,66.7,0,0,1,0,0,1,1,0,0,0,Matches,0,0,0,2.5,0.18,-1.5,-0.99,4,9,44.4,47,9,19.1,29.4,7,0,23.4,11,3,27.3,1,0.67,15.2,0,0,0,0,0,0,0,0,0,0,0,0,0,0,0,0,0,0,0,0,0,0,0,0,0,0,0,0,0,9,0,0,
Timo Horn,de GER,GK,Köln,Bundesliga,28,1993,13,13,1170,13,21,1.62,55,35,61.8,4,6,3,1,7.7,0,0,0,0,,Matches,0,4,1,18.3,0.34,-1.7,-0.13,90,185,48.6,437,47,35.2,35.6,83,37.3,37.4,90,3,3.3,12,0.92,15.9,0,0,0,0,0,0,0,0,0,0,0,0,0,0,0,0,0,0,0,0,0,0,1,0,0,0,0,0,0,59,0,0,
Lukáš Hrádecký,fi FIN,GK,Leverkusen,Bundesliga,32,1989,29,29,2610,29,41,1.41,141,101,72.3,14,7,8,7,24.1,4,2,1,1,33.3,Matches,2,7,0,42.4,0.29,1.4,0.05,171,426,40.1,943,152,35.4,34.5,203,45.3,39.3,222,14,6.3,24,0.83,15.3,0,0,0,0,1,0,0,0,0,0,0,0,0,0,0,0,0,0,0,0,0,0,3,0,0,0,0,0,0,143,0,0,
Stefanos Kapino,gr GRE,GK,Arminia,Bundesliga,28,1994,1,1,90,1,0,0,4,4,100,1,0,0,1,100,0,0,0,0,,Matches,0,0,0,1.5,0.37,1.5,1.48,8,19,42.1,21,2,52.4,41.1,10,80,51.2,22,0,0,1,1,14.8,0,0,0,0,0,0,0,0,0,0,0,0,0,0,0,0,0,0,0,0,0,0,0,0,0,0,0,0,0,7,0,0,
Eiji Kawashima,jp JPN,GK,Strasbourg,Ligue 1,39,1983,1,1,90,1,0,0,1,1,100,1,0,0,1,100,0,0,0,0,,Matches,0,0,0,0,0.02,0,0.02,1,4,25,24,5,8.3,28.4,7,28.6,32.3,8,0,0,0,0,13.2,0,0,0,0,0,0,0,0,0,0,0,0,0,0,0,0,0,0,0,0,0,0,0,0,0,0,0,0,0,5,0,0,
Caoimhín Kelleher,ie IRL,GK,Liverpool,Premier League,23,1998,2,2,180,2,2,1,8,5,75,1,1,0,1,50,0,0,0,0,,Matches,0,0,0,2.6,0.32,0.6,0.28,8,16,50,77,12,18.2,26.3,13,15.4,26.3,11,0,0,3,1.5,16.4,0,0,0,0,0,0,0,0,0,0,0,0,0,0,0,0,0,0,0,0,0,0,1,0,0,0,0,0,0,11,0,0,
Kristoffer Klaesson,no NOR,GK,Leeds United,Premier League,21,2000,1,0,36,0.4,0,0,4,4,100,0,0,0,0,,0,0,0,0,,Matches,0,0,0,0.3,0.07,0.3,0.67,2,4,50,8,2,37.5,34.4,3,33.3,31,4,1,25,0,0,25,0,0,0,0,0,0,0,0,0,0,0,0,0,0,0,0,0,0,0,0,0,0,0,0,0,0,0,0,0,2,0,0,
Gregor Kobel,ch SUI,GK,Dortmund,Bundesliga,24,1997,29,29,2565,28.5,39,1.37,105,71,65.7,20,3,6,7,24.1,3,3,0,0,0,Matches,2,5,2,35.6,0.32,-1.4,-0.05,103,277,37.2,836,135,24.4,30.2,184,39.7,37.1,189,20,10.6,27,0.95,15.6,0,0,0,0,0,0,0,0,0,0,0,0,0,0,0,0,0,0,0,0,0,1,6,0,0,0,0,0,1,154,0,0,
Tim Krul,nl NED,GK,Norwich City,Premier League,34,1988,25,25,2250,25,48,1.92,129,86,67.4,4,5,16,5,20,8,6,1,1,14.3,Matches,1,8,2,44.9,0.31,-1.1,-0.05,167,442,37.8,719,134,46.6,40.2,200,53.5,44.7,230,10,4.3,10,0.4,12.6,0,0,0,0,1,0,0,0,0,0,0,0,0,0.4,0.4,0,0.02,0.02,0,0.02,0,0,1,0,0,0,0,0,0,133,0,0,
Alban Lafont,fr FRA,GK,Nantes,Ligue 1,23,1999,32,32,2880,32,35,1.09,122,88,72.1,13,8,11,8,25,3,1,2,0,66.7,Matches,0,6,1,34.9,0.27,0.9,0.03,167,531,31.5,695,106,49.6,43.7,234,79.5,57.4,237,18,7.6,23,0.72,15,0,0,0,0,2,0,0,0,0,0,0,0,0,0,0,0,0,0,0,0,0,0,3,0,0,0,0,0,0,141,0,0,
Jean-Louis Leca,fr FRA,GK,Lens,Ligue 1,36,1985,25,25,2205,24.5,31,1.27,86,58,67.4,10,6,9,5,20,4,3,1,0,25,Matches,1,2,0,28,0.3,-3,-0.12,113,269,42,521,127,37.8,34.7,184,39.1,35.2,207,23,11.1,13,0.53,13.4,0,0,0,0,3,0,0,0,0,0,0,0,0,0,0,0,0,0,0,0,0,1,3,0,0,1,0,0,1,129,0,0,
Jeremías Ledesma,ar ARG,GK,Cádiz,La Liga,29,1993,32,32,2880,32,43,1.34,130,94,73.8,6,13,13,11,34.4,10,9,1,0,10,Matches,0,9,0,45.2,0.29,2.2,0.07,275,722,38.1,694,88,69.7,53.2,281,84.7,64.7,318,30,9.4,12,0.38,13,0,0,0,0,4,0,0,0,0,0,0,0,0,0,0,0,0,0,0,0,0,2,8,0,0,0,0,0,2,166,0,0,
Bernd Leno,de GER,GK,Arsenal,Premier League,30,1992,4,4,360,4,9,2.25,19,9,52.6,1,0,3,1,25,0,0,0,0,,Matches,0,1,0,7.3,0.39,-1.7,-0.41,16,53,30.2,74,12,37.8,37.1,37,67.6,49.8,48,2,4.2,1,0.25,12.9,0,0,0,0,0,0,0,0,0,0,0,0,0,0,0,0,0,0,0,0,0,0,0,0,0,0,0,0,0,16,0,0,
Luca Lezzerini,it ITA,GK,Venezia,Serie A,27,1995,6,6,495,5.5,9,1.64,39,30,76.9,2,1,3,0,0,0,0,0,0,,Matches,0,0,0,11.6,0.31,2.6,0.47,30,70,42.9,155,39,33.5,32.9,42,42.9,34.9,57,2,3.5,2,0.36,11.4,0,0,0,0,2,0,0,0,0,0,0,0,0,0,0,0,0,0,0,0,0,0,1,0,0,0,0,0,0,32,0,0,
Andreas Linde,se SWE,GK,Greuther Fürth,Bundesliga,28,1993,9,9,810,9,16,1.78,49,33,69.4,1,4,4,3,33.3,1,1,0,0,0,Matches,0,4,1,14.6,0.29,-0.4,-0.04,62,185,33.5,300,48,45.3,39.4,79,62,47.6,130,9,6.9,4,0.44,14.4,0,0,0,0,0,0,0,0,0,0,0,0,0,0,0,0,0,0,0,0,0,0,0,0,0,0,0,0,0,55,0,0,
Hugo Lloris,fr FRA,GK,Tottenham,Premier League,35,1986,32,32,2880,32,38,1.19,122,87,70.5,18,3,11,12,37.5,2,2,0,0,0,Matches,1,5,1,36.5,0.29,-0.5,-0.01,137,290,47.2,563,124,35.9,34,232,37.9,33.1,298,19,6.4,22,0.69,14.3,0,0,0,0,1,0,0,0,0,0,0,0,0,0.5,0.5,0,0.02,0.02,0,0.02,0,0,3,0,0,0,0,0,0,131,0,1,0
Anthony Lopes,pt POR,GK,Lyon,Ligue 1,31,1990,30,30,2622,29.1,39,1.34,128,94,71.9,11,11,8,7,23.3,3,3,0,0,0,Matches,1,6,3,37,0.27,1,0.03,135,280,48.2,805,128,27.7,31.4,186,30.6,33.1,215,10,4.7,21,0.72,15.3,0,0,0,0,1,1,0,0,0,0,0,0,0,0,0,0,0,0,0,0,0,0,4,0,0,0,0,0,0,119,0,1,0
Diego López,es ESP,GK,Espanyol,La Liga,40,1981,30,30,2637,29.3,40,1.37,122,86,69.7,10,9,11,9,30,3,3,0,0,0,Matches,0,4,2,35.8,0.27,-2.2,-0.07,153,407,37.6,716,164,40.9,38,233,48.9,40.5,345,38,11,23,0.78,13.9,0,0,0,0,4,0,0,0,0,0,0,0,0,0,0,0,0,0,0,0,0,0,5,0,0,0,0,0,0,155,0,0,
Pau López,es ESP,GK,Marseille,Ligue 1,27,1994,27,27,2430,27,24,0.89,74,51,73,14,6,7,10,37,4,4,0,0,0,Matches,0,4,0,28.2,0.34,2.2,0.08,147,319,46.1,1084,130,23.8,29.5,153,39.9,37.2,162,24,14.8,26,0.96,16.5,0,1,0,0,3,0,0,0.04,0.04,0,0.04,0,0,0.6,0.6,0,0.02,0.02,0,0.02,0,0,3,0,0,0,0,0,0,152,0,0,
Jonas Lössl,dk DEN,GK,Brentford,Premier League,33,1989,2,2,180,2,5,2.5,7,2,28.6,0,0,2,0,0,0,0,0,0,,Matches,0,0,0,3.3,0.46,-1.7,-0.87,13,30,43.3,49,6,53.1,38.9,13,30.8,34.2,14,0,0,4,2,19.8,0,0,0,0,0,0,0,0,0,0,0,0,0,0,0,0,0,0,0,0,0,0,0,0,0,0,0,0,0,8,0,0,
Marcel Lotka,pl POL,GK,Hertha BSC,Bundesliga,20,2001,6,5,525,5.8,15,2.57,32,19,59.4,1,0,4,1,20,2,2,0,0,0,Matches,0,3,0,14.4,0.4,-0.6,-0.11,45,110,40.9,161,29,47.8,41.5,50,66,52.2,58,4,6.9,5,0.86,13.6,0,0,0,0,1,0,0,0,0,0,0,0,0,0,0,0,0,0,0,0,0,0,3,1,0,0,0,0,0,37,0,0,
Andreas Luthe,de GER,GK,Union Berlin,Bundesliga,35,1987,25,25,2250,25,36,1.44,99,67,65.7,9,7,9,6,24,2,2,0,0,0,Matches,0,5,3,32.2,0.31,-0.8,-0.03,165,457,36.1,715,109,46.9,39.4,201,60.7,45.2,219,15,6.8,15,0.6,13.9,0,0,0,0,2,0,0,0,0,0,0,0,0,0,0,0,0,0,0,0,0,1,3,0,0,0,0,0,1,140,0,0,
Niki Mäenpää,fi FIN,GK,Venezia,Serie A,37,1985,11,10,945,10.5,16,1.52,35,23,65.7,0,2,8,0,0,5,4,0,1,0,Matches,0,1,0,15.4,0.36,-0.6,-0.06,43,129,33.3,245,47,41.2,37.2,84,33.3,31.5,99,6,6.1,5,0.48,12.8,0,0,0,0,1,0,0,0,0,0,0,0,0,0,0,0,0,0,0,0,0,1,0,0,0,0,0,0,1,50,0,0,
Mike Maignan,fr FRA,GK,Milan,Serie A,26,1995,27,27,2430,27,19,0.7,89,72,80.9,17,7,3,14,51.9,2,2,0,0,0,Matches,0,4,1,24.6,0.26,6.6,0.24,174,355,49,821,135,37.5,36,123,38.2,37.2,184,22,12,24,0.89,15.7,0,1,0,0,1,0,0,0.04,0.04,0,0.04,0,0,0.4,0.4,0,0.01,0.01,0,0.01,0,0,8,0,0,0,0,0,0,126,0,0,
Giorgi Mamardashvili,ge GEO,GK,Valencia,La Liga,21,2000,15,15,1350,15,16,1.07,58,44,75.9,5,5,5,7,46.7,2,2,0,0,0,Matches,0,1,0,14.1,0.22,-1.9,-0.13,115,275,41.8,296,51,62.8,46,114,78.1,57.4,146,11,7.5,15,1,14.5,0,0,0,0,1,0,0,0,0,0,0,0,0,0,0,0,0,0,0,0,0,0,2,0,0,0,0,0,0,67,0,0,
Steve Mandanda,fr FRA,GK,Marseille,Ligue 1,37,1985,5,5,450,5,5,1,16,11,68.8,3,2,0,2,40,0,0,0,0,,Matches,0,3,1,3.1,0.19,-0.9,-0.18,23,43,53.5,131,20,26,30.9,35,25.7,32.1,49,5,10.2,6,1.2,19,0,0,0,0,0,0,0,0,0,0,0,0,0,0,0,0,0,0,0,0,0,0,0,0,0,0,0,0,0,21,0,0,
Anthony Mandrea,fr FRA,GK,Angers,Ligue 1,25,1996,4,4,360,4,5,1.25,17,12,70.6,1,2,1,1,25,0,0,0,0,,Matches,0,0,0,5.2,0.32,0.2,0.04,25,74,33.8,73,17,61.6,47.5,39,74.4,54,60,2,3.3,0,0,10.7,0,0,0,0,0,0,0,0,0,0,0,0,0,0,0,0,0,0,0,0,0,0,1,0,0,0,0,0,0,23,0,0,
Emiliano Martínez,ar ARG,GK,Aston Villa,Premier League,29,1992,30,30,2700,30,43,1.43,113,74,64.6,11,3,16,9,30,5,3,1,1,25,Matches,2,6,2,34.4,0.28,-6.6,-0.22,163,396,41.2,676,116,43.2,37.7,232,44.8,39.4,229,12,5.2,24,0.8,14.6,0,0,0,0,4,0,0,0,0,0,0,0,0,0,0,0,0,0,0,0,0,0,7,0,0,1,0,0,0,139,0,1,0
Josep Martinez,es ESP,GK,RB Leipzig,Bundesliga,23,1998,1,1,90,1,3,3,4,1,25,0,0,1,0,0,0,0,0,0,,Matches,0,0,0,1.9,0.48,-1.1,-1.09,2,5,40,15,1,26.7,35.1,7,14.3,34.3,3,0,0,3,3,26.5,0,0,0,0,0,0,0,0,0,0,0,0,0,0,0,0,0,0,0,0,0,0,0,0,0,0,0,0,0,5,0,0,
Luís Maximiano,pt POR,GK,Granada,La Liga,23,1999,28,28,2506,27.8,49,1.76,146,102,69.9,6,9,13,4,14.3,7,5,2,0,28.6,Matches,0,8,2,53.5,0.33,5.5,0.19,201,605,33.2,707,135,57.6,45,273,72.5,52.7,321,25,7.8,34,1.18,16,0,0,0,0,2,0,0,0,0,0,0,0,0,0,0,0,0,0,0,0,0,0,3,0,0,0,0,0,0,164,0,0,
Alex McCarthy,eng ENG,GK,Southampton,Premier League,32,1989,15,15,1350,15,21,1.4,60,38,65,3,7,5,5,33.3,0,0,0,0,,Matches,0,6,0,20.8,0.35,-0.2,-0.02,72,241,29.9,341,61,46.3,39.9,109,76.1,56.8,135,17,12.6,3,0.2,12.4,0,0,0,0,1,0,0,0,0,0,0,0,0,0,0,0,0,0,0,0,0,0,1,0,0,0,0,0,0,52,0,0,
Edouard Mendy,sn SEN,GK,Chelsea,Premier League,30,1992,26,26,2340,26,21,0.81,74,58,78.4,16,7,3,12,46.2,5,5,0,0,0,Matches,0,1,1,22,0.24,2,0.08,84,200,42,585,95,26,29.2,137,35,30.5,205,18,8.8,15,0.58,13.6,0,0,0,0,3,0,0,0,0,0,0,0,0,0,0,0,0,0,0,0,0,1,1,0,0,0,0,0,1,94,0,0,
Alex Meret,it ITA,GK,Napoli,Serie A,25,1997,5,5,450,5,3,0.6,19,16,84.2,4,1,0,2,40,0,0,0,0,,Matches,0,0,0,3.5,0.19,0.5,0.11,11,21,52.4,96,29,14.6,26.2,23,30.4,31,36,3,8.3,1,0.2,12.3,0,0,0,0,0,0,0,0,0,0,0,0,0,0,0,0,0,0,0,0,0,0,4,0,0,0,0,0,0,12,0,0,
Illan Meslier,fr FRA,GK,Leeds United,Premier League,22,2000,32,32,2844,31.6,68,2.15,179,114,64.8,8,9,15,4,12.5,5,5,0,0,0,Matches,3,10,1,59.5,0.31,-7.5,-0.24,130,395,32.9,919,213,33,31.9,230,40,36.8,193,18,9.3,31,0.98,14.7,0,0,0,0,2,0,0,0,0,0,0,0,0,0,0,0,0,0,0,0,0,0,9,0,0,0,0,0,0,131,0,0,
Vanja Milinković-Savić,rs SRB,GK,Torino,Serie A,25,1997,25,25,2250,25,28,1.12,69,45,65.2,8,6,11,4,16,5,4,1,0,20,Matches,2,3,0,23.9,0.29,-4.1,-0.16,212,646,32.8,794,89,63.6,51,156,90.4,70.1,136,10,7.4,12,0.48,13.8,0,0,0,0,3,0,0,0,0,0,0,0.1,0.1,0,0.1,0,0,0,0,0,0,2,2,0,0,0,0,0,2,123,0,0,
Lorenzo Montipò,it ITA,GK,Hellas Verona,Serie A,26,1996,30,30,2700,30,44,1.47,117,74,64.1,12,9,9,4,13.3,2,2,0,0,0,Matches,0,7,2,37.5,0.31,-4.5,-0.15,196,555,35.3,646,109,63.6,46.5,209,68.9,49.1,269,13,4.8,12,0.4,13.5,0,0,0,0,1,0,0,0,0,0,0,0,0,0,0,0,0,0,0,0,0,0,4,0,0,0,0,0,0,132,0,0,
Jessy Moulin,fr FRA,GK,Troyes,Ligue 1,36,1986,2,2,180,2,3,1.5,5,3,60,0,1,1,0,0,1,1,0,0,0,Matches,1,0,0,2.3,0.32,-0.7,-0.35,10,32,31.3,43,10,55.8,46.1,16,50,45,16,1,6.3,0,0,11.7,0,0,0,0,2,1,0,0,0,0,0,0,0,0,0,0,0,0,0,0,1,0,1,0,0,0,0,0,0,8,0,0,
Florian Müller,de GER,GK,Stuttgart,Bundesliga,24,1997,26,26,2340,26,46,1.77,117,75,64.1,6,8,12,4,15.4,4,4,0,0,0,Matches,1,5,1,36.8,0.29,-8.2,-0.31,123,248,49.6,684,131,26.6,30,203,32.5,31.8,245,11,4.5,22,0.85,14.4,0,0,0,0,0,0,0,0,0,0,0,0,0,0,0,0,0,0,0,0,0,0,3,0,0,0,0,0,0,134,0,0,
Juan Musso,ar ARG,GK,Atalanta,Serie A,27,1994,27,27,2392,26.6,32,1.2,93,63,66.7,14,6,7,8,29.6,2,1,0,1,0,Matches,0,2,2,27.2,0.29,-2.8,-0.1,140,324,43.2,590,123,33.2,34.1,176,72.7,52.8,174,14,8,21,0.79,15.5,0,0,0,0,1,1,0,0,0,0,0,0,0,0,0,0,0,0,0,0,0,2,1,0,0,0,0,0,1,107,0,0,
Paul Nardi,fr FRA,GK,Lorient,Ligue 1,27,1994,22,22,1980,22,38,1.73,88,56,61.4,3,8,11,4,18.2,5,4,0,1,0,Matches,4,3,2,31.6,0.32,-4.4,-0.2,81,317,25.6,361,75,51,43.3,176,75.6,58.9,209,6,2.9,7,0.32,13.1,0,0,0,0,1,0,0,0,0,0,0,0,0,0,0,0,0,0,0,0,0,0,4,0,0,0,0,0,0,82,0,0,
Keylor Navas,cr CRC,GK,Paris S-G,Ligue 1,35,1986,17,17,1504,16.7,15,0.9,69,55,79.7,11,4,2,6,35.3,1,1,0,0,0,Matches,0,2,0,15.6,0.21,0.6,0.04,36,71,50.7,340,84,16.5,27.1,118,12.7,23,127,7,5.5,11,0.66,13.7,0,0,0,0,0,1,0,0,0,0,0,0,0,0,0,0,0,0,0,0,0,0,1,0,0,0,0,0,0,82,0,0,
Neto,br BRA,GK,Barcelona,La Liga,32,1989,2,2,180,2,3,1.5,9,6,66.7,1,1,0,0,0,0,0,0,0,,Matches,1,1,0,3,0.33,0,-0.01,19,36,52.8,81,11,42,36.2,16,12.5,28.4,21,1,4.8,2,1,13.9,0,0,0,0,0,0,0,0,0,0,0,0,0,0,0,0,0,0,0,0,0,0,0,0,0,0,0,0,0,11,0,0,
Manuel Neuer,de GER,GK,Bayern Munich,Bundesliga,36,1986,25,25,2250,25,21,0.84,80,59,73.8,21,2,2,10,40,0,0,0,0,,Matches,0,1,0,20.3,0.25,-0.7,-0.03,151,254,59.4,942,141,24.5,30.5,149,15.4,27.6,178,12,6.7,39,1.56,20.1,0,0,0,0,0,0,0,0,0,0,0,0,0,0,0,0,0,0,0,0,0,0,2,0,0,0,0,0,0,141,0,0,
Alexander Nübel,de GER,GK,Monaco,Ligue 1,25,1996,32,32,2880,32,34,1.06,106,82,74.5,15,8,9,9,28.1,8,7,0,1,0,Matches,0,5,3,35.7,0.28,4.7,0.15,150,374,40.1,732,140,34.3,34.7,231,53.2,44.4,212,9,4.2,17,0.53,14.9,0,0,0,0,1,0,0,0,0,0,0,0,0,0,0,0,0,0,0,0,0,0,2,0,0,0,0,0,0,161,0,0,
Jan Oblak,si SVN,GK,Atlético Madrid,La Liga,29,1993,32,32,2880,32,39,1.22,79,47,58.2,18,6,8,9,28.1,7,6,1,0,14.3,Matches,2,3,2,28.8,0.29,-8.2,-0.26,161,510,31.6,674,126,54,43.2,223,65.5,50.1,249,17,6.8,13,0.41,13.7,0,0,0,0,2,0,0,0,0,0,0,0,0,0,0,0,0,0,0,0,0,0,8,0,0,0,0,0,0,148,1,0,100
Oier Olazábal,es ESP,GK,Espanyol,La Liga,32,1989,2,1,135,1.5,1,0.67,7,7,100,0,0,1,1,100,1,1,0,0,0,Matches,0,0,0,2.7,0.26,1.7,1.14,10,29,34.5,33,5,57.6,42.5,10,100,60.4,19,0,0,0,0,9,0,0,0,0,0,0,0,0,0,0,0,0,0,0,0,0,0,0,0,0,0,0,0,0,0,0,0,0,0,9,0,0,
Jonas Omlin,ch SUI,GK,Montpellier,Ligue 1,28,1994,26,26,2317,25.7,32,1.24,134,104,77.6,10,4,12,8,30.8,3,2,1,0,33.3,Matches,0,2,0,33.5,0.23,1.5,0.06,147,349,42.1,731,162,32.6,33.5,246,45.1,40.3,271,20,7.4,15,0.58,13.8,0,0,0,0,0,1,0,0,0,0,0,0,0,0,0,0,0,0,0,0,0,0,3,0,0,0,0,0,0,127,0,0,
Stefan Ortega,de GER,GK,Arminia,Bundesliga,29,1992,29,29,2610,29,46,1.59,142,101,72.5,4,11,14,6,20.7,7,7,0,0,0,Matches,1,6,1,49.1,0.31,4.1,0.14,414,869,47.6,1231,70,56.9,45.5,273,61.5,49.9,275,10,3.6,31,1.07,15.8,0,0,0,0,1,0,0,0,0,0,0,0,0,0.4,0.4,0,0.01,0.01,0,0.01,0,0,3,0,0,0,0,0,0,172,0,1,0
David Ospina,co COL,GK,Napoli,Serie A,33,1988,28,28,2520,28,24,0.86,94,72,75.5,16,6,6,11,39.3,1,1,0,0,0,Matches,0,3,1,26,0.27,3,0.11,114,259,44,734,107,31.1,32,136,22.8,26.6,190,16,8.4,18,0.64,14.9,0,0,0,0,1,0,0,0,0,0,0,0,0,0,0,0,0,0,0,0,0,0,8,0,0,0,0,0,0,124,0,1,0
Alexandre Oukidja,dz ALG,GK,Metz,Ligue 1,33,1988,19,19,1707,19,37,1.95,81,48,58,2,8,9,3,15.8,3,3,0,0,0,Matches,1,2,2,32,0.36,-3,-0.16,143,334,42.8,386,118,53.9,44.8,154,81.8,59.3,166,26,15.7,24,1.27,16,0,0,0,0,2,0,0,0,0,0,0,0,0,0,0,0,0,0,0,0,0,1,12,0,0,0,0,0,1,102,0,0,
Jesús Owono,gq EQG,GK,Alavés,La Liga,21,2001,1,1,90,1,1,1,4,3,75,0,1,0,0,0,0,0,0,0,,Matches,0,0,0,0.7,0.16,-0.3,-0.35,9,21,42.9,20,2,90,60,3,100,75,4,0,0,2,2,15.7,0,0,0,0,0,0,0,0,0,0,0,0,0,0,0,0,0,0,0,0,0,0,0,0,0,0,0,0,0,13,0,0,
Fernando Pacheco,es ESP,GK,Alavés,La Liga,29,1992,30,30,2693,29.9,51,1.7,118,71,60.2,6,5,19,6,20,7,4,3,0,42.9,Matches,0,8,0,47.5,0.36,-3.5,-0.12,333,654,50.9,638,72,69.9,49.7,275,75.6,53.1,301,23,7.6,23,0.77,14.7,0,0,0,0,1,0,0,0,0,0,0,0,0,0.3,0.3,0,0.01,0.01,0,0.01,0,0,3,0,0,0,0,0,0,125,0,0,
Daniele Padelli,it ITA,GK,Udinese,Serie A,36,1985,2,2,180,2,8,4,11,3,27.3,0,0,2,0,0,0,0,0,0,,Matches,0,0,0,5.1,0.46,-2.9,-1.44,11,35,31.4,63,9,39.7,32.3,14,71.4,50.2,20,1,5,1,0.5,11.8,0,0,0,0,0,0,0,0,0,0,0,0,0,0,0,0,0,0,0,0,0,0,0,0,0,0,0,0,0,15,0,0,
Ivor Pandur,hr CRO,GK,Hellas Verona,Serie A,22,2000,3,3,270,3,6,2,14,9,64.3,1,0,2,0,0,1,1,0,0,0,Matches,1,1,0,5.1,0.29,-0.9,-0.31,14,26,53.8,53,10,37.7,36.8,15,40,34.2,9,1,11.1,0,0,12.3,0,0,0,0,0,0,0,0,0,0,0,0,0,0,0,0,0,0,0,0,0,0,1,0,0,0,0,0,0,12,0,0,
Rui Patrício,pt POR,GK,Roma,Serie A,34,1988,33,33,2970,33,37,1.12,120,87,72.5,17,7,9,13,39.4,5,4,1,0,20,Matches,1,4,2,33.5,0.24,-1.5,-0.05,180,381,47.2,729,127,42.8,37.1,199,34.7,33.3,218,5,2.3,16,0.48,12.9,0,0,0,0,2,0,0,0,0,0,0,0,0,0.4,0.4,0,0.01,0.01,0,0.01,0,0,1,0,0,0,0,0,0,139,0,0,
Gianluca Pegolo,it ITA,GK,Sassuolo,Serie A,41,1981,1,1,90,1,3,3,5,2,40,0,0,1,0,0,0,0,0,0,,Matches,0,1,0,1.8,0.36,-1.2,-1.2,6,10,60,26,4,30.8,31,8,25,25.6,12,0,0,0,0,12.8,0,0,0,0,0,0,0,0,0,0,0,0,0,0,0,0,0,0,0,0,0,0,0,0,0,0,0,0,0,3,0,0,
Philipp Pentke,de GER,GK,Hoffenheim,Bundesliga,36,1985,1,1,90,1,3,3,7,4,57.1,1,0,0,0,0,0,0,0,0,,Matches,0,0,0,2.3,0.33,-0.7,-0.71,4,11,36.4,33,5,30.3,29.5,7,14.3,27.4,8,0,0,1,1,13.6,0,0,0,0,0,0,0,0,0,0,0,0,0,0,0,0,0,0,0,0,0,0,0,0,0,0,0,0,0,6,0,0,
Juan Pérez,es ESP,GK,Osasuna,La Liga,25,1996,1,1,90,1,2,2,4,2,50,0,0,1,0,0,0,0,0,0,,Matches,0,1,0,0.9,0.23,-1.1,-1.08,3,18,16.7,19,4,68.4,46.5,5,100,64.2,8,1,12.5,2,2,16.9,0,0,0,0,0,0,0,0,0,0,0,0,0,0,0,0,0,0,0,0,0,0,0,0,0,0,0,0,0,7,0,0,
Mattia Perin,it ITA,GK,Juventus,Serie A,29,1992,3,3,270,3,4,1.33,8,4,50,2,0,1,1,33.3,0,0,0,0,,Matches,0,1,0,4.1,0.52,0.1,0.04,10,25,40,64,8,34.4,36.7,21,14.3,23.2,25,2,8,0,0,10.1,0,0,0,0,0,0,0,0,0,0,0,0,0,0,0,0,0,0,0,0,0,0,0,0,0,0,0,0,0,14,0,0,
Pavao Pervan,at AUT,GK,Wolfsburg,Bundesliga,34,1987,5,5,450,5,14,2.8,28,16,53.6,0,0,5,0,0,1,1,0,0,0,Matches,1,2,1,7.1,0.22,-5.9,-1.19,18,48,37.5,130,24,31.5,32.5,35,20,22.7,33,1,3,5,1,14.9,0,0,0,0,0,0,0,0,0,0,0,0,0,0,0,0,0,0,0,0,0,0,0,0,0,0,0,0,0,22,0,0,
Danijel Petković,me MNE,GK,Angers,Ligue 1,28,1993,15,15,1350,15,22,1.47,62,44,67.7,3,3,9,2,13.3,3,2,1,0,33.3,Matches,0,1,2,16.4,0.24,-3.6,-0.24,52,155,33.5,340,90,30.3,32.3,120,43.3,38.7,135,12,8.9,10,0.67,12.5,0,0,0,0,1,0,0,0,0,0,0,0,0,0,0,0,0,0,0,0,0,0,4,0,0,0,0,0,0,85,0,0,
Jordan Pickford,eng ENG,GK,Everton,Premier League,28,1994,28,28,2520,28,49,1.75,136,91,64.7,7,4,17,5,17.9,1,1,0,0,0,Matches,2,10,3,43,0.31,-3,-0.11,209,619,33.8,697,95,65.1,50.6,211,78.2,62.4,234,16,6.8,20,0.71,15.3,0,0,0,0,2,0,0,0,0,0,0,0,0,0.1,0.1,0,0.01,0.01,0,0.01,0,0,4,0,0,0,0,0,0,128,0,0,
Julian Pollersbeck,de GER,GK,Lyon,Ligue 1,27,1994,4,2,256,2.8,2,0.7,13,13,100,2,0,0,1,50,2,2,0,0,0,Matches,0,0,0,2.6,0.07,0.6,0.22,14,32,43.8,93,12,28,31.2,20,30,30.5,17,0,0,0,0,13.6,0,0,0,0,0,0,0,0,0,0,0,0,0,0,0,0,0,0,0,0,0,0,0,0,0,0,0,0,0,13,0,0,
Nick Pope,eng ENG,GK,Burnley,Premier League,30,1992,29,29,2610,29,39,1.34,125,87,71.2,4,13,12,7,24.1,3,3,0,0,0,Matches,1,7,0,41.8,0.32,2.8,0.1,264,695,38,635,101,76.1,53.9,227,93.4,65.6,300,26,8.7,47,1.62,18.2,0,0,0,0,0,0,0,0,0,0,0,0,0,0.2,0.2,0,0.01,0.01,0,0.01,0,0,4,0,0,0,0,0,0,146,0,0,
Gaëtan Poussin,fr FRA,GK,Bordeaux,Ligue 1,23,1999,10,10,900,10,25,2.5,45,24,48.9,2,3,5,1,10,4,2,2,0,50,Matches,0,4,2,19.6,0.36,-3.4,-0.34,75,177,42.4,300,47,41.7,37.1,87,59.8,46,92,3,3.3,17,1.7,15.4,0,0,0,0,3,0,0,0,0,0,0,0,0,0,0,0,0,0,0,0,0,0,1,0,0,0,0,0,0,49,0,0,
Ivan Provedel,it ITA,GK,Spezia,Serie A,28,1994,26,26,2340,26,38,1.46,126,95,75.4,8,5,13,7,26.9,10,7,1,2,12.5,Matches,3,3,2,37.5,0.25,1.5,0.06,229,576,39.8,819,113,53.7,44.2,197,69,51.9,239,20,8.4,20,0.77,14.8,0,0,0,0,2,0,0,0,0,0,0,0,0,0,0,0,0,0,0,0,0,2,3,0,0,0,0,0,2,116,0,0,
Boris Radunović,rs SRB,GK,Cagliari,Serie A,25,1996,3,3,270,3,5,1.67,15,11,73.3,0,2,1,1,33.3,2,1,1,0,50,Matches,1,0,0,5.9,0.31,0.9,0.3,26,69,37.7,75,11,61.3,45.1,28,82.1,54.2,29,1,3.4,1,0.33,11.9,0,0,0,0,0,0,0,0,0,0,0,0,0,0,0,0,0,0,0,0,0,0,1,0,0,0,0,0,0,12,0,0,
Predrag Rajković,rs SRB,GK,Reims,Ligue 1,26,1995,32,32,2880,32,35,1.09,120,90,74.2,8,13,11,11,34.4,6,4,1,1,20,Matches,2,8,1,32.2,0.24,-1.8,-0.06,165,459,35.9,810,161,41.7,38.7,225,53.8,43.5,315,25,7.9,39,1.22,16.5,0,0,0,0,3,0,0,0,0,0,0,0,0,0,0,0,0,0,0,0,0,0,3,0,0,0,0,0,0,176,0,1,0
Diant Ramaj,de GER,GK,Eint Frankfurt,Bundesliga,20,2001,1,1,90,1,1,1,4,3,75,0,1,0,0,0,0,0,0,0,,Matches,0,0,0,0.9,0.22,-0.1,-0.14,5,17,29.4,36,6,38.9,35.7,4,75,49,20,3,15,2,2,17.4,0,0,0,0,0,0,0,0,0,0,0,0,0,0,0,0,0,0,0,0,0,0,0,0,0,0,0,0,0,5,0,0,
Aaron Ramsdale,eng ENG,GK,Arsenal,Premier League,23,1998,27,27,2430,27,28,1.04,99,71,75.8,16,3,8,12,44.4,4,4,0,0,0,Matches,0,1,0,24.9,0.22,-3.1,-0.11,151,417,36.2,786,133,39.6,36.8,149,71.1,56.6,199,19,9.5,28,1.04,16,0,0,0,0,1,0,0,0,0,0,0,0,0,0,0,0,0,0,0,0,0,0,6,0,0,0,0,0,0,147,0,1,0
David Raya,es ESP,GK,Brentford,Premier League,26,1995,19,19,1710,19,20,1.05,81,61,76.5,8,4,7,6,31.6,1,1,0,0,0,Matches,1,2,0,20.7,0.25,0.7,0.04,201,468,42.9,685,92,52.1,42,159,69.8,52.1,188,15,8,23,1.21,15.6,0,0,0,0,0,0,0,0,0,0,0,0,0,0,0,0,0,0,0,0,0,0,2,0,0,0,0,0,0,98,0,0,
Manolo Reina,es ESP,GK,Mallorca,La Liga,37,1985,18,18,1620,18,25,1.39,64,40,64.1,4,8,6,6,33.3,3,2,1,0,33.3,Matches,0,1,1,21.6,0.3,-2.4,-0.13,107,299,35.8,393,66,54.2,44.2,152,56.6,43.5,161,10,6.2,11,0.61,15,0,0,0,0,4,1,0,0,0,0,0,0,0,0.3,0.3,0,0.02,0.02,0,0.02,0,0,6,0,0,0,0,0,0,84,0,0,
Pepe Reina,es ESP,GK,Lazio,Serie A,39,1982,15,15,1350,15,29,1.93,56,30,55.4,6,4,5,2,13.3,5,4,0,1,0,Matches,0,2,0,24.2,0.37,-4.8,-0.32,99,182,54.4,426,70,35,33.2,99,33.3,32.1,120,6,5,10,0.67,13.9,0,1,0,0,3,0,0,0.07,0.07,0,0.07,0,0,0.3,0.3,0,0.02,0.02,0,0.02,0,1,1,0,0,0,1,0,1,61,0,0,
Álex Remiro,es ESP,GK,Real Sociedad,La Liga,27,1995,29,29,2610,29,25,0.86,84,61,73.8,13,10,6,18,62.1,4,3,1,0,25,Matches,1,4,0,26.9,0.28,1.9,0.07,211,452,46.7,814,101,41,36.2,203,58.1,47.3,255,19,7.5,29,1,15.9,0,0,0,0,1,0,0,0,0,0,0,0,0,0,0,0,0,0,0,0,0,0,3,0,0,0,0,0,0,132,0,0,
Sergio Rico,es ESP,GK,Mallorca,La Liga,28,1993,12,12,1080,12,21,1.75,40,24,55,4,0,8,1,8.3,4,3,1,0,25,Matches,0,3,2,16.2,0.33,-2.8,-0.23,89,183,48.6,233,39,56.2,44.6,76,68.4,51.8,109,4,3.7,4,0.33,12.4,0,0,0,0,0,0,0,0,0,0,0,0,0,0,0,0,0,0,0,0,0,0,0,0,0,0,0,0,0,54,0,0,
Sergio Rico,es ESP,GK,Paris S-G,Ligue 1,28,1993,1,0,23,0.3,1,3.91,3,2,66.7,0,0,0,0,,0,0,0,0,,Matches,0,0,0,1.1,0.41,0.1,0.52,2,3,66.7,8,1,37.5,32.3,0,,,4,0,0,1,3.91,18.3,0,0,0,0,0,0,0,0,0,0,0,0,0,0,0,0,0,0,0,0,0,0,0,0,0,0,0,0,0,2,0,0,
Manuel Riemann,de GER,GK,Bochum,Bundesliga,33,1988,28,28,2520,28,39,1.39,134,98,70.9,8,6,14,7,25,3,0,2,1,100,Matches,1,5,4,45.1,0.33,10.1,0.36,505,1043,48.4,1248,89,70.7,49.6,219,73.5,52.7,236,25,10.6,48,1.71,17.6,0,1,0,0,2,0,0,0.04,0.04,0,0.04,0.8,0,0.7,0.7,0.03,0.02,0.05,0,0.02,0,0,3,0,0,1,0,0,0,173,0,0,
Leonardo Román,es ESP,GK,Mallorca,La Liga,21,2000,2,2,180,2,5,2.5,13,10,69.2,0,0,2,0,0,1,1,0,0,0,Matches,0,0,1,3.1,0.19,-0.9,-0.43,12,32,37.5,53,6,47.2,39.7,16,43.8,38.7,21,2,9.5,3,1.5,17,0,0,0,0,0,0,0,0,0,0,0,0,0,0,0,0,0,0,0,0,0,0,0,0,0,0,0,0,0,9,0,0,
Sergio Romero,ar ARG,GK,Venezia,Serie A,35,1987,16,16,1440,16,33,2.06,99,74,72.7,3,4,9,3,18.8,6,6,0,0,0,Matches,0,1,2,31.6,0.28,0.6,0.04,119,266,44.7,449,101,44.5,38.1,141,46.8,39.3,159,11,6.9,8,0.5,12.1,0,0,0,0,2,0,0,0,0,0,0,0,0,0.2,0.2,0,0.01,0.01,0,0.01,0,1,1,0,0,0,0,0,1,83,0,0,
Francesco Rossi,it ITA,GK,Atalanta,Serie A,30,1991,1,0,37,0.4,1,2.43,2,1,50,0,0,0,0,,0,0,0,0,,Matches,0,0,0,1.2,0.59,0.2,0.46,2,7,28.6,12,0,41.7,42,4,50,54,3,0,0,0,0,14,0,0,0,0,0,0,0,0,0,0,0,0,0,0,0,0,0,0,0,0,0,0,0,0,0,0,0,0,0,1,0,0,
Gerónimo Rulli,ar ARG,GK,Villarreal,La Liga,29,1992,28,28,2520,28,24,0.86,84,61,75,12,8,8,13,46.4,4,3,1,0,25,Matches,0,2,1,23.7,0.26,0.7,0.03,138,314,43.9,948,143,24.9,32.5,184,42.4,39.6,262,26,9.9,27,0.96,15.6,0,0,0,0,1,0,0,0,0,0,0,0,0,0,0,0,0,0,0,0,0,0,5,0,0,0,0,0,0,133,0,0,
Mathew Ryan,au AUS,GK,Real Sociedad,La Liga,30,1992,3,3,270,3,5,1.67,15,11,73.3,2,0,1,1,33.3,1,1,0,0,0,Matches,0,3,0,5,0.28,0,0.01,20,58,34.5,88,14,51.1,42.2,19,68.4,49.3,36,4,11.1,1,0.33,14.2,0,0,0,0,0,0,0,0,0,0,0,0,0,0,0,0,0,0,0,0,0,0,0,0,0,0,0,0,0,16,0,0,
Frederik Rønnow,dk DEN,GK,Union Berlin,Bundesliga,29,1992,5,5,450,5,3,0.6,15,13,80,4,1,0,2,40,0,0,0,0,,Matches,0,0,1,3.1,0.21,1.1,0.23,37,106,34.9,156,20,53.8,42.3,34,64.7,50.5,40,7,17.5,2,0.4,17,0,0,0,0,0,0,0,0,0,0,0,0,0,0,0,0,0,0,0,0,0,0,1,0,0,0,0,0,0,21,0,0,
José Sá,pt POR,GK,Wolves,Premier League,29,1993,32,32,2880,32,28,0.87,125,105,83.2,15,4,13,11,34.4,7,7,0,0,0,Matches,1,1,1,36.9,0.25,9.9,0.31,138,420,32.9,712,169,42.8,39.6,226,50.9,42.7,290,31,10.7,36,1.13,15.7,0,1,0,0,3,0,0,0.03,0.03,0,0.03,0,0,1,1,0,0.03,0.03,0,0.03,0,3,11,0,0,0,0,0,3,189,0,0,
Romain Salin,fr FRA,GK,Rennes,Ligue 1,37,1984,1,1,90,1,2,2,3,1,33.3,0,0,1,0,0,0,0,0,0,,Matches,0,0,0,1,0.32,-1,-1.04,6,9,66.7,29,8,31,35.3,3,0,13.3,6,1,16.7,1,1,14.5,0,0,0,0,0,0,0,0,0,0,0,0,0,0,0,0,0,0,0,0,0,0,2,0,0,0,0,0,0,8,0,0,
Robert Sánchez,es ESP,GK,Brighton,Premier League,24,1997,31,31,2789,31,35,1.13,118,85,72.9,9,13,9,9,29,4,3,0,1,0,Matches,0,4,0,36.6,0.29,1.6,0.05,160,514,31.1,1104,136,35.1,37,184,69,54.1,245,30,12.2,30,0.97,14.5,0,0,0,0,3,1,0,0,0,0,0,0,0,0.4,0.4,0,0.01,0.01,0,0.01,0,0,3,0,0,0,0,0,0,135,0,0,
Kasper Schmeichel,dk DEN,GK,Leicester City,Premier League,35,1986,30,30,2700,30,50,1.67,146,103,69.9,11,7,12,5,16.7,9,6,2,1,25,Matches,1,13,1,47.8,0.29,-1.2,-0.04,219,513,42.7,803,121,47.9,39.8,246,52,44,243,17,7,15,0.5,12.7,0,0,0,0,1,0,0,0,0,0,0,0,0,0,0,0,0,0,0,0,0,0,2,0,0,0,0,0,0,134,0,1,0
Marvin Schwäbe,de GER,GK,Köln,Bundesliga,26,1995,17,17,1530,17,23,1.35,75,52,69.3,8,4,5,3,17.6,0,0,0,0,,Matches,2,1,0,21.5,0.29,-1.5,-0.09,121,241,50.2,679,65,29.2,32,115,37.4,36.3,122,8,6.6,7,0.41,13.4,0,0,0,0,0,0,0,0,0,0,0,0,0,0,0,0,0,0,0,0,0,0,2,0,0,0,0,0,0,68,0,0,
Alexander Schwolow,de GER,GK,Hertha BSC,Bundesliga,29,1992,25,25,2175,24.2,51,2.11,120,73,61.7,7,5,13,4,16,5,5,0,0,0,Matches,1,7,0,48,0.37,-3,-0.13,164,386,42.5,629,129,39.4,36.2,204,67.6,50.8,258,12,4.7,14,0.58,13.3,0,0,0,0,1,0,0,0,0,0,0,0,0,0,0,0,0,0,0,0,0,2,2,0,0,1,0,0,1,124,0,0,
Matz Sels,be BEL,GK,Strasbourg,Ligue 1,30,1992,31,31,2790,31,34,1.1,97,68,69.1,13,11,7,11,35.5,4,4,0,0,0,Matches,0,4,1,31.9,0.3,-1.1,-0.03,163,376,43.4,606,113,45.5,38.2,198,50.5,43.6,233,20,8.6,20,0.65,14.3,0,0,0,0,1,0,0,0,0,0,0,0.1,0.1,0,0.1,0,0,0,0,0,0,1,5,0,0,0,0,0,0,122,1,0,100
Luigi Sepe,it ITA,GK,Salernitana,Serie A,30,1991,10,10,879,9.8,19,1.95,51,35,68.6,1,5,4,0,0,3,3,0,0,0,Matches,0,0,0,18.4,0.31,-0.6,-0.06,107,207,51.7,278,24,57.2,44.5,76,63.2,47.1,98,3,3.1,7,0.72,14.4,0,0,0,0,2,0,0,0,0,0,0,0,0,0,0,0,0,0,0,0,0,0,2,0,0,0,0,0,0,49,0,0,
Rui Silva,pt POR,GK,Betis,La Liga,28,1994,18,18,1620,18,19,1.06,55,38,69.1,9,3,6,5,27.8,2,2,0,0,0,Matches,0,3,0,19.6,0.32,0.6,0.03,98,247,39.7,440,80,39.8,36.3,129,55.8,45.4,158,8,5.1,17,0.94,14.1,0,0,0,0,2,0,0,0,0,0,0,0,0,0,0,0,0,0,0,0,0,1,3,0,0,0,0,0,1,82,0,0,
Marco Silvestri,it ITA,GK,Udinese,Serie A,31,1991,29,29,2610,29,41,1.41,105,69,65.7,9,12,8,6,20.7,5,5,0,0,0,Matches,0,5,1,35.2,0.3,-4.8,-0.17,170,428,39.7,595,77,53.3,41.8,210,52.9,42.4,204,11,5.4,3,0.1,11.4,0,0,0,0,1,0,0,0,0,0,0,0,0,0.1,0.1,0,0,0,0,0,0,1,5,0,0,0,0,0,1,120,0,0,
Unai Simón,es ESP,GK,Athletic Club,La Liga,24,1997,28,28,2520,28,27,0.96,89,61,73,10,10,8,9,32.1,3,3,0,0,0,Matches,0,2,1,24.9,0.26,-1.1,-0.04,145,327,44.3,569,155,42.2,37,188,46.3,41.4,281,18,6.4,19,0.68,15.5,0,0,0,0,2,0,0,0,0,0,0,0,0,0,0,0,0,0,0,0,0,0,1,0,0,0,0,0,0,128,0,0,
Salvatore Sirigu,it ITA,GK,Genoa,Serie A,35,1987,33,33,2970,33,54,1.64,160,109,68.1,2,16,15,9,27.3,4,3,1,0,25,Matches,3,7,2,47.8,0.29,-4.2,-0.13,258,593,43.5,859,94,50.8,39.9,239,65.7,45.8,270,13,4.8,12,0.36,13.2,0,0,0,0,0,0,0,0,0,0,0,0,0,0,0,0,0,0,0,0,0,0,3,0,0,0,0,0,0,118,0,0,
Antonio Sivera,es ESP,GK,Alavés,La Liga,25,1996,3,2,187,2.1,3,1.44,9,7,77.8,0,1,1,1,50,1,1,0,0,0,Matches,0,1,0,2.1,0.13,-0.9,-0.44,22,56,39.3,44,4,77.3,54.6,28,78.6,58.2,31,6,19.4,1,0.48,11.2,0,0,0,0,1,0,0,0,0,0,0,0,0,0,0,0,0,0,0,0,0,0,0,0,0,0,0,0,0,6,0,0,
Łukasz Skorupski,pl POL,GK,Bologna,Serie A,30,1991,32,32,2880,32,45,1.41,141,105,73,10,8,14,11,34.4,7,7,0,0,0,Matches,1,4,2,46,0.29,3,0.09,215,477,45.1,869,139,45.5,38,244,33.6,30,313,19,6.1,6,0.19,11.6,0,0,0,0,3,0,0,0,0,0,0,0,0,0,0,0,0,0,0,0,0,1,5,0,0,0,0,0,1,141,0,1,0
Yann Sommer,ch SUI,GK,M'Gladbach,Bundesliga,33,1988,30,30,2700,30,55,1.83,161,107,67.1,10,7,13,5,16.7,4,2,2,0,50,Matches,1,5,1,58.6,0.35,4.6,0.15,210,512,41,1134,141,36.9,34.8,195,47.7,40.6,215,14,6.5,32,1.07,15.3,0,1,0,0,2,0,0,0.03,0.03,0,0.03,0,0,0.3,0.3,0,0.01,0.01,0,0.01,0,0,8,0,0,0,0,0,0,167,0,0,
David Soria,es ESP,GK,Getafe,La Liga,29,1993,32,32,2874,31.9,37,1.16,112,75,68.8,7,11,14,10,31.3,4,2,1,1,33.3,Matches,0,5,1,34.7,0.29,-1.3,-0.04,326,760,42.9,747,81,74.6,52.1,240,84.6,58.2,297,37,12.5,26,0.81,14.4,0,0,0,0,3,0,0,0,0,0,0,0,0,0,0,0,0,0,0,0,0,1,5,0,0,0,0,0,1,161,0,0,
Marco Sportiello,it ITA,GK,Atalanta,Serie A,29,1992,5,5,450,5,5,1,16,13,81.3,0,3,2,2,40,2,2,0,0,0,Matches,0,1,0,5.1,0.21,0.1,0.02,18,45,40,104,28,23.1,28.7,28,75,52.5,24,2,8.3,5,1,12.2,0,0,0,0,1,0,0,0,0,0,0,0,0,0,0,0,0,0,0,0,0,0,1,0,0,0,0,0,0,28,0,0,
Jason Steele,eng ENG,GK,Brighton,Premier League,31,1990,1,1,90,1,2,2,5,3,60,0,0,1,0,0,0,0,0,0,,Matches,0,1,0,1.2,0.25,-0.8,-0.77,3,7,42.9,32,2,12.5,26.2,6,50,43.8,11,1,9.1,0,0,13,0,0,0,0,0,0,0,0,0,0,0,0,0,0,0,0,0,0,0,0,0,0,0,0,0,0,0,0,0,3,0,0,
Jed Steer,eng ENG,GK,Aston Villa,Premier League,29,1992,1,1,90,1,3,3,4,1,25,0,0,1,0,0,0,0,0,0,,Matches,0,0,0,1.8,0.45,-1.2,-1.2,5,13,38.5,30,6,30,34.4,6,66.7,53.8,8,1,12.5,1,1,14.3,0,0,0,0,0,0,0,0,0,0,0,0,0,0,0,0,0,0,0,0,0,0,0,0,0,0,0,0,0,6,0,0,
Zack Steffen,us USA,GK,Manchester City,Premier League,27,1995,1,1,90,1,0,0,2,2,100,1,0,0,1,100,0,0,0,0,,Matches,0,0,0,0.3,0.16,0.3,0.31,4,9,44.4,31,6,22.6,26,7,28.6,25.3,7,0,0,2,2,17.5,0,0,0,0,0,0,0,0,0,0,0,0,0,0,0,0,0,0,0,0,0,0,0,0,0,0,0,0,0,7,0,0,
Thomas Strakosha,al ALB,GK,Lazio,Serie A,27,1995,18,18,1620,18,19,1.06,64,45,71.9,10,4,4,6,33.3,1,1,0,0,0,Matches,1,4,1,18.6,0.28,0.6,0.03,88,162,54.3,464,76,29.7,30.6,97,24.7,25.3,150,8,5.3,6,0.33,15.2,0,0,0,0,1,0,0,0,0,0,0,0,0,0,0,0,0,0,0,0,0,1,0,0,0,0,0,0,1,70,0,0,
Wojciech Szczęsny,pl POL,GK,Juventus,Serie A,32,1990,30,30,2700,30,25,0.83,86,63,73.3,16,9,5,12,40,5,2,3,0,60,Matches,2,5,0,27.2,0.28,2.2,0.07,161,315,51.1,731,128,34.7,34.6,158,38.6,34.7,285,21,7.4,13,0.43,13.1,0,0,0,0,2,0,0,0,0,0,0,0,0,0.1,0.1,0,0,0,0,0,0,2,5,0,0,0,0,0,2,109,0,0,
Ciprian Tătărușanu,ro ROU,GK,Milan,Serie A,36,1986,6,6,540,6,10,1.67,21,14,61.9,4,1,1,1,16.7,3,2,1,0,33.3,Matches,0,1,1,9,0.3,0,-0.01,37,79,46.8,168,12,39.3,36.8,38,34.2,37.6,49,2,4.1,4,0.67,13,0,0,0,0,0,0,0,0,0,0,0,0,0,0,0,0,0,0,0,0,0,0,1,0,0,0,0,0,0,19,0,0,
Marc-André ter Stegen,de GER,GK,Barcelona,La Liga,29,1992,29,29,2610,29,29,1,90,63,70,16,8,5,9,31,3,2,1,0,33.3,Matches,0,6,0,29.9,0.31,0.9,0.03,182,305,59.7,910,117,26.2,29.6,181,37,34.4,188,11,5.9,7,0.24,13,0,0,0,0,3,0,0,0,0,0,0,0,0,0.1,0.1,0,0,0,0,0,0,0,6,0,0,0,0,0,0,109,0,0,
Pietro Terracciano,it ITA,GK,Fiorentina,Serie A,32,1990,26,25,2322,25.8,32,1.24,75,47,60,14,5,6,7,28,3,2,1,0,33.3,Matches,0,2,2,27.2,0.33,-2.8,-0.11,245,462,53,1117,111,36.3,35.3,138,40.6,36.2,157,16,10.2,26,1.01,16.2,0,0,0,0,0,0,0,0,0,0,0,0,0,0,0,0,0,0,0,0,0,0,5,0,0,0,0,0,0,126,0,0,
Kevin Trapp,de GER,GK,Eint Frankfurt,Bundesliga,31,1990,28,28,2520,28,39,1.39,139,102,74.8,10,8,10,5,17.9,4,4,0,0,0,Matches,0,4,0,42.5,0.29,3.5,0.13,183,564,32.4,890,127,49.7,38.7,219,55.7,46.1,234,9,3.8,29,1.04,15.8,0,0,0,0,2,0,0,0,0,0,0,0,0,0,0,0,0,0,0,0,0,0,3,0,0,0,0,0,0,145,0,0,
Sven Ulreich,de GER,GK,Bayern Munich,Bundesliga,33,1988,5,5,450,5,8,1.6,16,10,56.3,2,1,2,1,20,1,1,0,0,0,Matches,1,1,1,6.7,0.36,-0.3,-0.06,20,46,43.5,169,23,25.4,28,27,11.1,19.7,26,5,19.2,8,1.6,19.9,0,0,0,0,0,0,0,0,0,0,0,0,0,0,0,0,0,0,0,0,0,0,2,0,0,0,0,0,0,24,0,0,
Benjamin Uphoff,de GER,GK,Freiburg,Bundesliga,28,1993,2,2,180,2,7,3.5,12,5,41.7,0,1,1,0,0,0,0,0,0,,Matches,0,2,0,2.9,0.24,-4.1,-2.05,26,53,49.1,70,14,47.1,38.2,20,100,65.1,14,1,7.1,2,1,13.1,0,0,0,0,0,0,0,0,0,0,0,0,0,0,0,0,0,0,0,0,0,0,0,0,0,0,0,0,0,11,0,0,
Rúben Vezo,pt POR,DF,Levante,La Liga,27,1994,1,1,4,23.2,0,0,0,0,,0,1,0,0,0,0,0,0,0,,Matches,0,0,0,0,,0,0,2,4,50,3,0,100,61.7,1,100,64,2,0,0,0,0,,0,0,0,0,3,0,0,0,0,0,0,0.7,0.7,0.2,0.9,0.03,0.01,0.04,0.03,0.04,0,27,25,0,3,40,30,1,1,211,61,39,61
Guglielmo Vicario,it ITA,GK,Empoli,Serie A,25,1996,33,33,2970,33,60,1.82,179,124,68.2,8,10,15,6,18.2,7,3,1,3,25,Matches,1,4,5,56.2,0.3,1.2,0.04,150,383,39.2,911,182,30.1,31.9,229,47.6,40.5,338,30,8.9,16,0.48,13.1,0,0,0,0,0,0,0,0,0,0,0,0,0,0,0,0,0,0,0,0,0,1,8,0,0,0,0,0,1,142,0,0,
Freddie Woodman,eng ENG,GK,Newcastle Utd,Premier League,25,1997,4,4,360,4,12,3,19,9,47.4,0,1,3,0,0,3,2,1,0,33.3,Matches,0,0,0,8.7,0.35,-3.3,-0.83,22,71,31,80,11,53.8,43.3,43,65.1,52,33,2,6.1,0,0,11.6,0,0,0,0,0,0,0,0,0,0,0,0,0,0,0,0,0,0,0,0,0,0,0,0,0,0,0,0,0,15,0,0,
Robin Zentner,de GER,GK,Mainz 05,Bundesliga,27,1994,30,30,2700,30,36,1.2,107,75,69.2,11,6,13,10,33.3,4,3,1,0,25,Matches,0,4,1,34.9,0.31,-0.1,0,137,406,33.7,710,160,41.7,38.3,226,48.7,43.1,232,23,9.9,47,1.57,17.4,0,0,0,0,1,0,0,0,0,0,0,0,0,0,0,0,0,0,0,0,0,1,4,0,0,0,0,0,1,162,0,0,
Luca Zidane,fr FRA,GK,Rayo Vallecano,La Liga,23,1998,7,7,555,6.2,9,1.46,31,22,71,0,1,6,0,0,0,0,0,0,,Matches,0,1,0,9,0.29,0,0.01,47,95,49.5,155,37,42.6,38.1,46,63,50,49,4,8.2,2,0.32,12.4,0,0,0,0,0,1,0,0,0,0,0,0,0,0,0,0,0,0,0,0,0,0,1,0,0,0,0,0,0,33,0,0,
Jeroen Zoet,nl NED,GK,Spezia,Serie A,31,1991,7,7,630,7,19,2.71,40,22,55,1,1,5,0,0,2,1,1,0,50,Matches,0,3,0,17.5,0.39,-1.5,-0.22,29,81,35.8,181,41,32,33.9,54,42.6,39.4,52,3,5.8,5,0.71,13.7,0,0,0,0,0,0,0,0,0,0,0,0,0,0,0,0,0,0,0,0,0,1,3,0,0,0,0,0,1,33,0,0,