Player,Nation,Pos,Squad,Comp,Age,Born,MP,Starts,Min,90s,GA,GA90,SoTA,Saves,Save%,W,D,L,CS,CS%,PKatt,PKA,PKsv,PKm,Save%.1,FK,CK,OG,PSxG,PSxG/SoT,PSxG+/-,/90,Cmp,Att,Cmp%,Att.1,Thr,Launch%,AvgLen,Att.2,Launch%.1,AvgLen.1,Opp,Stp,Stp%,#OPA,#OPA/90,AvgDist,Gls,Ast,G-PK,PK,CrdY,CrdR,Gls.1,Ast.1,G+A,G-PK.1,G+A-PK,xG,npxG,xA,npxG+xA,xG.1,xA.1,xG+xA,npxG.1,npxG+xA.1,2CrdY,Fls,Fld,Off,Crs,Int,TklW,PKwon,PKcon,Recov,Won,Lost,Won%
Julen Agirrezabala,es ESP,GK,Athletic Club,es La Liga,21,2000,4,4,360,4.0,5,1.25,20,15,75.0,1,2,1,1,25.0,0,0,0,0,,0,0,0,4.6,0.25,-0.4,-0.10,10,31,32.3,56,10,37.5,36.8,26,38.5,38.3,35,2,5.7,5,1.25,17.3,0,0,0,0,0,0,0.00,0.00,0.00,0.00,0.00,0.0,0.0,0.0,0.0,0.00,0.00,0.00,0.00,0.00,0,0,0,0,0,0,0,0,0,15,0,0,
Doğan Alemdar,tr TUR,GK,Rennes,fr Ligue 1,19,2002,10,10,900,10.0,13,1.30,27,14,55.6,4,1,5,2,20.0,2,1,1,0,50.0,0,1,0,10.2,0.33,-2.8,-0.28,51,137,37.2,269,43,31.6,33.8,61,85.2,57.6,96,4,4.2,13,1.30,15.3,0,0,0,0,1,0,0.00,0.00,0.00,0.00,0.00,0.0,0.0,0.0,0.0,0.00,0.00,0.00,0.00,0.00,0,0,0,0,0,0,0,0,0,55,0,0,
Alisson,br BRA,GK,Liverpool,eng Premier League,29,1992,30,30,2700,30.0,20,0.67,80,60,75.0,22,6,2,18,60.0,0,0,0,0,,0,3,1,23.4,0.30,+4.4,+0.15,142,279,50.9,1013,164,21.0,29.6,145,45.5,39.8,188,17,9.0,48,1.60,17.6,0,1,0,0,0,0,0.00,0.03,0.03,0.00,0.03,0.0,0.0,0.4,0.4,0.00,0.01,0.01,0.00,0.01,0,0,5,0,0,0,0,0,0,190,0,0,
Alphonse Areola,fr FRA,GK,West Ham,eng Premier League,29,1993,1,1,90,1.0,1,1.00,3,2,66.7,0,0,1,0,0.0,0,0,0,0,,0,0,0,1.2,0.39,+0.2,+0.17,8,28,28.6,27,3,66.7,49.7,14,71.4,53.2,13,1,7.7,0,0.00,7.0,0,0,0,0,0,0,0.00,0.00,0.00,0.00,0.00,0.0,0.0,0.0,0.0,0.00,0.00,0.00,0.00,0.00,0,0,0,0,0,0,0,0,0,2,0,0,
Kepa Arrizabalaga,es ESP,GK,Chelsea,eng Premier League,27,1994,4,4,360,4.0,2,0.50,13,11,84.6,2,1,1,2,50.0,0,0,0,0,,0,1,0,3.3,0.26,+1.3,+0.34,16,39,41.0,118,28,28.0,30.8,21,28.6,30.2,31,1,3.2,5,1.25,16.2,0,0,0,0,0,0,0.00,0.00,0.00,0.00,0.00,0.0,0.0,0.0,0.0,0.00,0.00,0.00,0.00,0.00,0,0,1,0,0,0,0,0,0,16,0,0,
Sergio Asenjo,es ESP,GK,Villarreal,es La Liga,32,1989,5,5,450,5.0,7,1.40,23,17,73.9,2,2,1,0,0.0,1,1,0,0,0.0,0,0,0,7.4,0.28,+0.4,+0.08,25,61,41.0,141,30,29.8,32.9,50,38.0,39.0,61,4,6.6,6,1.20,14.2,0,0,0,0,1,0,0.00,0.00,0.00,0.00,0.00,0.0,0.0,0.0,0.0,0.00,0.00,0.00,0.00,0.00,0,0,0,0,0,0,0,0,0,30,0,0,
Emil Audero,it ITA,GK,Sampdoria,it Serie A,25,1997,25,25,2205,24.5,43,1.76,106,65,60.4,6,5,14,4,16.0,1,1,0,0,0.0,1,5,1,35.0,0.33,-6.0,-0.25,177,403,43.9,621,89,46.2,39.5,169,68.6,49.3,217,18,8.3,9,0.38,13.4,0,0,0,0,1,0,0.00,0.00,0.00,0.00,0.00,0.0,0.0,0.4,0.4,0.00,0.02,0.02,0.00,0.02,0,0,6,0,0,0,0,0,0,86,0,0,
Daniel Bachmann,at AUT,GK,Watford,eng Premier League,27,1994,11,11,990,11.0,26,2.36,61,39,62.3,1,0,10,0,0.0,3,3,0,0,0.0,1,4,2,21.4,0.31,-2.6,-0.23,80,206,38.8,248,40,60.9,47.1,80,68.8,51.5,101,3,3.0,8,0.73,13.7,0,0,0,0,0,0,0.00,0.00,0.00,0.00,0.00,0.0,0.0,0.0,0.0,0.00,0.00,0.00,0.00,0.00,0,1,2,0,0,0,0,0,1,51,0,0,
Édgar Badía,es ESP,GK,Elche,es La Liga,30,1992,21,21,1890,21.0,29,1.38,93,69,75.3,8,4,9,5,23.8,8,6,1,1,14.3,0,6,0,34.2,0.30,+5.2,+0.25,192,422,45.5,544,80,52.0,40.0,189,73.5,51.5,237,18,7.6,20,0.95,16.1,0,0,0,0,2,0,0.00,0.00,0.00,0.00,0.00,0.0,0.0,0.0,0.0,0.00,0.00,0.00,0.00,0.00,0,0,1,0,0,1,0,0,0,122,0,0,
Stefan Bajic,fr FRA,GK,Saint-Étienne,fr Ligue 1,20,2001,7,4,510,5.7,13,2.29,27,16,59.3,0,1,3,0,0.0,2,2,0,0,0.0,1,0,0,13.4,0.43,+0.4,+0.07,33,86,38.4,141,39,39.7,34.7,44,68.2,50.2,53,1,1.9,9,1.59,15.7,0,0,0,0,0,0,0.00,0.00,0.00,0.00,0.00,0.0,0.0,0.0,0.0,0.00,0.00,0.00,0.00,0.00,0,0,1,0,0,0,0,0,0,45,0,0,
Oliver Baumann,de GER,GK,Hoffenheim,de Bundesliga,31,1990,30,30,2700,30.0,44,1.47,132,90,67.4,12,7,11,8,26.7,3,1,1,1,50.0,0,8,1,42.5,0.34,+1.5,+0.05,150,407,36.9,1181,153,30.1,32.3,185,27.6,30.0,241,21,8.7,40,1.38,15.9,0,0,0,0,1,0,0.00,0.00,0.00,0.00,0.00,0.0,0.0,0.0,0.0,0.00,0.00,0.00,0.00,0.00,0,0,4,0,0,0,0,0,0,199,0,0,
Asmir Begović,ba BIH,GK,Everton,eng Premier League,34,1987,2,2,180,2.0,3,1.50,9,7,66.7,1,0,1,1,50.0,0,0,0,0,,0,0,1,2.4,0.26,+0.4,+0.18,13,47,27.7,32,3,87.5,57.3,23,82.6,58.5,12,1,8.3,0,0.00,14.7,0,0,0,0,0,0,0.00,0.00,0.00,0.00,0.00,0.0,0.0,0.0,0.0,0.00,0.00,0.00,0.00,0.00,0,0,0,0,0,0,0,0,0,7,0,0,
Vid Belec,si SVN,GK,Salernitana,it Serie A,31,1990,21,20,1821,20.2,45,2.22,119,78,64.7,3,2,15,1,5.0,4,3,0,1,0.0,0,6,2,34.9,0.27,-8.1,-0.40,146,340,42.9,376,70,56.6,44.8,170,74.7,53.6,201,10,5.0,6,0.30,12.6,0,0,0,0,0,0,0.00,0.00,0.00,0.00,0.00,0.0,0.0,0.0,0.0,0.00,0.00,0.00,0.00,0.00,0,0,1,0,0,0,0,0,0,77,0,0,
Walter Benítez,ar ARG,GK,Nice,fr Ligue 1,29,1993,32,32,2880,32.0,28,0.87,119,95,79.8,16,7,9,12,37.5,5,4,1,0,20.0,1,1,0,33.2,0.25,+5.2,+0.16,153,382,40.1,666,131,36.6,34.2,230,60.0,46.1,283,12,4.2,20,0.63,14.1,0,0,0,0,2,0,0.00,0.00,0.00,0.00,0.00,0.0,0.0,0.0,0.0,0.00,0.00,0.00,0.00,0.00,0,0,6,0,0,0,0,0,0,142,0,0,
Etrit Berisha,al ALB,GK,Torino,it Serie A,33,1989,6,6,540,6.0,3,0.50,21,17,85.7,1,4,1,3,50.0,0,0,0,0,,0,0,0,5.4,0.26,+2.4,+0.41,29,125,23.2,139,22,58.3,46.3,51,86.3,60.9,58,6,10.3,4,0.67,14.6,0,0,0,0,1,0,0.00,0.00,0.00,0.00,0.00,0.0,0.0,0.0,0.0,0.00,0.00,0.00,0.00,0.00,0,0,2,0,0,0,0,0,0,33,0,0,
Paul Bernardoni,fr FRA,GK,Angers,fr Ligue 1,25,1997,13,13,1170,13.0,19,1.46,43,27,62.8,4,5,4,4,30.8,3,3,0,0,0.0,2,6,0,14.1,0.27,-4.9,-0.37,55,122,45.1,239,82,32.6,35.2,98,44.9,40.5,134,17,12.7,7,0.54,14.5,0,0,0,0,0,0,0.00,0.00,0.00,0.00,0.00,0.0,0.0,0.0,0.0,0.00,0.00,0.00,0.00,0.00,0,0,2,0,0,0,0,0,0,60,0,0,
Paul Bernardoni,fr FRA,GK,Saint-Étienne,fr Ligue 1,25,1997,15,15,1350,15.0,24,1.60,68,45,70.6,5,4,6,3,20.0,4,4,0,0,0.0,0,5,1,21.7,0.30,-1.3,-0.09,65,224,29.0,316,88,51.6,40.0,88,69.3,49.5,95,11,11.6,23,1.64,16.2,0,0,0,0,0,0,0.00,0.00,0.00,0.00,0.00,0.0,0.0,0.0,0.0,0.00,0.00,0.00,0.00,0.00,0,0,4,0,0,0,0,0,0,90,0,0,
Dimitry Bertaud,fr FRA,GK,Montpellier,fr Ligue 1,23,1998,8,6,563,6.3,12,1.92,38,27,68.4,2,2,2,2,33.3,0,0,0,0,,1,1,1,11.2,0.29,+0.2,+0.03,47,110,42.7,156,38,47.4,38.5,60,60.0,46.5,62,9,14.5,1,0.16,12.9,0,0,0,0,0,0,0.00,0.00,0.00,0.00,0.00,0.0,0.0,0.0,0.0,0.00,0.00,0.00,0.00,0.00,0,0,2,0,0,0,0,0,0,26,0,0,
Marco Bizot,nl NED,GK,Brest,fr Ligue 1,31,1991,33,33,2970,33.0,48,1.45,142,98,68.3,11,9,13,5,15.2,3,3,0,0,0.0,0,9,2,38.9,0.26,-7.1,-0.22,275,577,47.7,749,166,48.6,41.1,284,75.0,55.7,265,21,7.9,19,0.58,14.5,0,1,0,0,1,0,0.00,0.03,0.03,0.00,0.03,0.0,0.0,0.3,0.3,0.00,0.01,0.01,0.00,0.01,0,0,3,0,0,1,0,0,0,187,0,0,
Yassine Bounou,ma MAR,GK,Sevilla,es La Liga,31,1991,27,27,2430,27.0,21,0.78,83,63,77.1,14,9,4,12,44.4,4,2,1,1,33.3,1,5,0,24.2,0.26,+3.2,+0.12,165,386,42.7,751,90,35.3,36.0,205,59.0,46.8,212,18,8.5,15,0.56,14.5,0,2,0,0,2,0,0.00,0.07,0.07,0.00,0.07,0.0,0.0,0.6,0.6,0.00,0.02,0.02,0.00,0.02,0,0,2,0,0,0,0,0,0,103,0,1,0.0
Claudio Bravo,cl CHI,GK,Betis,es La Liga,39,1983,15,15,1350,15.0,19,1.27,53,37,66.0,8,3,4,4,26.7,1,1,0,0,0.0,0,1,2,19.4,0.35,+2.4,+0.16,101,264,38.3,371,41,54.7,44.7,91,67.0,51.9,154,3,1.9,8,0.53,13.4,0,0,0,0,2,0,0.00,0.00,0.00,0.00,0.00,0.0,0.0,0.2,0.2,0.00,0.01,0.01,0.00,0.01,0,1,1,0,0,0,0,0,1,61,1,0,100.0
Fabian Bredlow,de GER,GK,Stuttgart,de Bundesliga,27,1995,4,4,360,4.0,7,1.75,24,17,70.8,0,2,2,0,0.0,0,0,0,0,,0,3,0,6.9,0.29,-0.1,-0.01,12,24,50.0,90,22,23.3,28.7,37,8.1,19.9,38,1,2.6,4,1.00,16.0,0,0,0,0,0,0,0.00,0.00,0.00,0.00,0.00,0.0,0.0,0.0,0.0,0.00,0.00,0.00,0.00,0.00,0,0,2,0,0,0,0,0,0,21,0,0,
Sascha Burchert,de GER,GK,Greuther Fürth,de Bundesliga,32,1989,13,13,1170,13.0,26,2.00,67,43,64.2,2,4,7,3,23.1,2,2,0,0,0.0,1,4,2,21.3,0.31,-2.7,-0.21,121,316,38.3,395,42,57.0,45.4,111,82.0,57.3,134,7,5.2,17,1.31,16.3,0,0,0,0,0,0,0.00,0.00,0.00,0.00,0.00,0.0,0.0,0.1,0.1,0.00,0.01,0.01,0.00,0.01,0,0,1,0,0,0,0,0,0,77,0,0,
Jack Butland,eng ENG,GK,Crystal Palace,eng Premier League,29,1993,6,5,495,5.5,9,1.64,16,9,43.8,1,3,1,0,0.0,1,0,1,0,100.0,1,1,2,6.9,0.38,-0.1,-0.02,21,73,28.8,144,23,36.1,33.1,44,47.7,40.0,57,3,5.3,2,0.36,12.1,0,0,0,0,0,0,0.00,0.00,0.00,0.00,0.00,0.0,0.0,0.0,0.0,0.00,0.00,0.00,0.00,0.00,0,0,1,0,0,0,0,0,0,18,0,0,
Marcin Bułka,pl POL,GK,Nice,fr Ligue 1,22,1999,1,1,90,1.0,1,1.00,5,4,80.0,0,0,1,0,0.0,0,0,0,0,,0,0,0,1.5,0.29,+0.5,+0.47,3,4,75.0,16,6,12.5,20.4,7,28.6,25.9,10,0,0.0,0,0.00,18.5,0,0,0,0,0,0,0.00,0.00,0.00,0.00,0.00,0.0,0.0,0.0,0.0,0.00,0.00,0.00,0.00,0.00,0,0,0,0,0,0,0,0,0,3,0,0,
Willy Caballero,ar ARG,GK,Southampton,eng Premier League,40,1981,2,2,180,2.0,5,2.50,11,6,54.5,0,1,1,0,0.0,0,0,0,0,,0,1,0,4.3,0.40,-0.7,-0.36,20,39,51.3,46,0,58.7,42.1,13,92.3,59.1,21,1,4.8,4,2.00,21.7,0,0,0,0,1,0,0.00,0.00,0.00,0.00,0.00,0.0,0.0,0.0,0.0,0.00,0.00,0.00,0.00,0.00,0,0,0,0,0,0,0,0,0,6,0,0,
Marc-Aurèle Caillard,fr FRA,GK,Metz,fr Ligue 1,27,1994,14,13,1173,13.0,21,1.61,58,38,67.2,2,4,7,4,30.8,2,2,0,0,0.0,0,7,0,21.6,0.35,+0.6,+0.04,85,217,39.2,225,66,50.2,42.6,118,88.1,61.0,108,3,2.8,6,0.46,13.9,0,0,0,0,1,0,0.00,0.00,0.00,0.00,0.00,0.0,0.0,0.0,0.0,0.00,0.00,0.00,0.00,0.00,0,0,5,0,0,0,0,0,0,58,0,0,
Cárdenas,es ESP,GK,Levante,es La Liga,25,1997,20,20,1800,20.0,36,1.80,86,52,61.6,4,5,11,5,25.0,3,3,0,0,0.0,1,5,0,30.8,0.33,-5.2,-0.26,97,271,35.8,446,74,45.5,39.8,160,42.5,37.5,198,11,5.6,12,0.60,13.7,0,0,0,0,3,0,0.00,0.00,0.00,0.00,0.00,0.0,0.0,0.0,0.0,0.00,0.00,0.00,0.00,0.00,0,0,3,0,0,0,0,0,0,90,0,0,
Kiko Casilla,es ESP,GK,Elche,es La Liga,35,1986,12,12,1080,12.0,15,1.25,54,39,72.2,2,4,6,3,25.0,0,0,0,0,,0,1,0,13.7,0.25,-1.3,-0.11,79,218,36.2,288,62,52.1,41.7,119,57.1,44.2,121,7,5.8,10,0.83,15.5,0,0,0,0,3,0,0.00,0.00,0.00,0.00,0.00,0.0,0.0,0.1,0.1,0.00,0.01,0.01,0.00,0.01,0,0,1,0,0,0,0,0,0,67,0,0,
Koen Casteels,be BEL,GK,Wolfsburg,de Bundesliga,29,1992,26,26,2340,26.0,37,1.42,99,65,65.7,11,4,11,10,38.5,6,3,2,1,40.0,0,3,0,37.1,0.34,+0.1,0.00,187,386,48.4,800,121,36.9,35.1,179,50.8,43.3,221,15,6.8,21,0.81,14.4,0,0,0,0,1,0,0.00,0.00,0.00,0.00,0.00,0.0,0.0,0.0,0.0,0.00,0.00,0.00,0.00,0.00,0,0,2,0,0,0,0,0,0,133,0,0,
Leonardo César Jardim,br BRA,GK,Lille,fr Ligue 1,27,1995,12,12,1080,12.0,12,1.00,45,34,75.6,4,5,3,7,58.3,2,1,1,0,50.0,0,3,1,9.8,0.21,-1.2,-0.10,45,131,34.4,221,55,39.4,35.2,84,52.4,43.7,91,7,7.7,9,0.75,15.7,0,0,0,0,0,0,0.00,0.00,0.00,0.00,0.00,0.0,0.0,0.0,0.0,0.00,0.00,0.00,0.00,0.00,0,0,4,0,0,0,0,0,0,47,0,0,
Jasper Cillessen,nl NED,GK,Valencia,es La Liga,33,1989,16,16,1367,15.2,28,1.84,68,45,66.2,4,7,5,3,18.8,6,5,1,0,16.7,0,4,2,29.0,0.37,+3.0,+0.20,111,255,43.5,330,64,55.5,45.9,96,75.0,57.4,118,9,7.6,7,0.46,15.1,0,1,0,0,1,0,0.00,0.07,0.07,0.00,0.07,0.0,0.0,0.0,0.0,0.00,0.00,0.00,0.00,0.00,0,0,1,0,0,0,0,0,0,68,0,0,
Diego Conde,es ESP,GK,Getafe,es La Liga,23,1998,1,0,6,0.1,0,0.00,0,0,,0,0,0,1,,0,0,0,0,,0,0,0,0.0,,0.0,0.00,0,6,0.0,4,0,100.0,65.3,2,100.0,68.5,2,0,0.0,0,0.00,,0,0,0,0,0,0,0.00,0.00,0.00,0.00,0.00,0.0,0.0,0.0,0.0,0.00,0.00,0.00,0.00,0.00,0,0,0,0,0,0,0,0,0,0,0,0,
Andrea Consigli,it ITA,GK,Sassuolo,it Serie A,35,1987,32,32,2880,32.0,50,1.56,129,85,66.7,12,10,10,3,9.4,8,7,1,0,12.5,0,6,1,50.8,0.34,+1.8,+0.05,237,492,48.2,1057,142,38.5,35.1,225,37.8,31.9,290,18,6.2,18,0.56,12.9,0,0,0,0,2,0,0.00,0.00,0.00,0.00,0.00,0.0,0.0,0.1,0.1,0.00,0.00,0.00,0.00,0.00,0,2,6,0,0,0,0,0,2,149,0,0,
Benoît Costil,fr FRA,GK,Bordeaux,fr Ligue 1,34,1987,22,22,1980,22.0,52,2.36,113,66,58.4,3,8,11,0,0.0,5,5,0,0,0.0,1,6,0,40.8,0.32,-11.2,-0.51,187,422,44.3,615,70,47.8,39.8,182,70.3,52.0,168,13,7.7,22,1.00,16.7,0,0,0,0,1,0,0.00,0.00,0.00,0.00,0.00,0.0,0.0,0.0,0.0,0.00,0.00,0.00,0.00,0.00,0,0,5,0,0,0,0,0,0,112,0,0,
Thibaut Courtois,be BEL,GK,Real Madrid,es La Liga,29,1992,33,33,2970,33.0,29,0.88,107,79,74.8,24,6,3,13,39.4,3,2,1,0,33.3,1,2,0,32.8,0.28,+3.8,+0.11,103,291,35.4,853,172,24.5,31.8,183,44.8,40.6,289,26,9.0,21,0.64,14.4,0,0,0,0,1,0,0.00,0.00,0.00,0.00,0.00,0.0,0.0,0.0,0.0,0.00,0.00,0.00,0.00,0.00,0,1,2,0,0,0,0,0,1,126,0,0,
Alessio Cragno,it ITA,GK,Cagliari,it Serie A,27,1994,30,30,2700,30.0,56,1.87,151,98,66.2,6,8,16,1,3.3,7,5,2,0,28.6,4,10,1,54.9,0.34,-0.1,0.00,286,658,43.5,773,95,59.5,43.7,274,72.3,50.5,247,18,7.3,16,0.53,15.0,0,0,0,0,2,0,0.00,0.00,0.00,0.00,0.00,0.0,0.0,0.0,0.0,0.00,0.00,0.00,0.00,0.00,0,1,7,0,0,0,1,0,1,127,0,0,
Karl Darlow,eng ENG,GK,Newcastle Utd,eng Premier League,31,1990,8,8,720,8.0,15,1.87,37,25,64.9,0,5,3,0,0.0,2,2,0,0,0.0,0,1,1,10.6,0.24,-3.4,-0.42,75,172,43.6,189,29,64.6,49.8,64,78.1,59.8,69,8,11.6,4,0.50,14.9,0,0,0,0,1,0,0.00,0.00,0.00,0.00,0.00,0.0,0.0,0.0,0.0,0.00,0.00,0.00,0.00,0.00,0,1,2,0,0,0,0,0,1,31,0,0,
Arthur Desmas,fr FRA,GK,Clermont Foot,fr Ligue 1,28,1994,15,15,1304,14.5,33,2.28,64,35,53.1,3,5,7,3,20.0,3,3,0,0,0.0,0,4,1,23.9,0.34,-8.1,-0.56,39,146,26.7,302,53,31.8,33.8,112,44.6,36.8,87,3,3.4,5,0.35,12.3,0,0,0,0,0,0,0.00,0.00,0.00,0.00,0.00,0.0,0.0,0.0,0.0,0.00,0.00,0.00,0.00,0.00,0,0,3,0,0,0,0,0,0,61,0,0,
Javier Díaz,es ESP,GK,Sevilla,es La Liga,24,1997,1,1,90,1.0,1,1.00,2,1,50.0,0,1,0,0,0.0,0,0,0,0,,0,0,0,0.3,0.15,-0.7,-0.70,5,10,50.0,30,2,26.7,31.9,3,66.7,50.3,12,1,8.3,1,1.00,25.0,0,0,0,0,0,0,0.00,0.00,0.00,0.00,0.00,0.0,0.0,0.0,0.0,0.00,0.00,0.00,0.00,0.00,0,0,0,0,0,0,0,0,0,2,0,0,
Stole Dimitrievski,mk MKD,GK,Rayo Vallecano,es La Liga,28,1993,26,25,2322,25.8,29,1.12,91,69,75.8,10,6,9,7,28.0,9,7,2,0,22.2,0,4,1,32.1,0.27,+4.1,+0.16,178,501,35.5,593,122,59.9,47.4,187,78.1,58.3,201,19,9.5,13,0.50,12.9,0,0,0,0,0,0,0.00,0.00,0.00,0.00,0.00,0.0,0.0,0.0,0.0,0.00,0.00,0.00,0.00,0.00,0,0,7,0,0,0,0,0,0,136,0,0,
Matías Dituro,ar ARG,GK,Celta Vigo,es La Liga,34,1987,33,33,2970,33.0,37,1.12,113,81,70.8,10,9,14,12,36.4,8,4,4,0,50.0,0,1,1,41.4,0.31,+5.4,+0.16,304,726,41.9,1032,121,53.5,43.7,241,72.2,54.6,247,38,15.4,30,0.91,15.6,0,0,0,0,0,0,0.00,0.00,0.00,0.00,0.00,0.0,0.0,0.0,0.0,0.00,0.00,0.00,0.00,0.00,0,0,2,0,0,0,0,0,0,176,0,0,
Ouparine Djoco,sn SEN,GK,Clermont Foot,fr Ligue 1,24,1998,19,18,1666,18.5,28,1.51,74,49,64.9,5,3,10,5,27.8,2,2,0,0,0.0,0,5,2,21.8,0.28,-4.2,-0.22,100,284,35.2,456,79,44.7,37.9,123,65.0,45.7,152,12,7.9,14,0.76,14.5,0,0,0,0,1,0,0.00,0.00,0.00,0.00,0.00,0.0,0.0,0.0,0.0,0.00,0.00,0.00,0.00,0.00,0,1,4,0,0,0,0,0,1,108,0,0,
Marko Dmitrović,rs SRB,GK,Sevilla,es La Liga,30,1992,5,5,450,5.0,5,1.00,17,12,70.6,3,2,0,3,60.0,0,0,0,0,,0,0,0,5.2,0.31,+0.2,+0.05,16,43,37.2,150,22,22.7,30.4,24,37.5,39.7,40,3,7.5,9,1.80,19.0,0,0,0,0,0,0,0.00,0.00,0.00,0.00,0.00,0.0,0.0,0.0,0.0,0.00,0.00,0.00,0.00,0.00,0,0,1,0,0,0,0,0,0,25,0,0,
Jaume Doménech,es ESP,GK,Valencia,es La Liga,31,1990,3,2,253,2.8,4,1.42,8,5,50.0,1,0,1,0,0.0,0,0,0,0,,0,1,1,3.9,0.49,+0.9,+0.32,31,62,50.0,59,7,69.5,46.6,27,77.8,53.0,32,3,9.4,1,0.36,11.0,0,0,0,0,1,0,0.00,0.00,0.00,0.00,0.00,0.0,0.0,0.0,0.0,0.00,0.00,0.00,0.00,0.00,0,0,0,0,0,0,0,0,0,16,0,0,
Gianluigi Donnarumma,it ITA,GK,Paris S-G,fr Ligue 1,23,1999,15,15,1350,15.0,14,0.93,55,41,76.4,12,1,2,4,26.7,1,1,0,0,0.0,0,3,0,16.5,0.29,+2.5,+0.17,32,56,57.1,318,92,13.5,23.7,81,16.0,21.6,96,5,5.2,20,1.33,17.5,0,0,0,0,2,0,0.00,0.00,0.00,0.00,0.00,0.0,0.0,0.0,0.0,0.00,0.00,0.00,0.00,0.00,0,0,2,0,0,0,0,0,0,59,0,0,
Bartłomiej Drągowski,pl POL,GK,Fiorentina,it Serie A,24,1997,7,7,556,6.2,8,1.29,23,16,69.6,3,0,4,2,28.6,2,1,1,0,50.0,0,1,0,8.3,0.28,+0.3,+0.05,53,119,44.5,305,23,33.1,33.9,39,46.2,43.6,31,5,16.1,13,2.10,17.7,0,0,0,0,0,1,0.00,0.00,0.00,0.00,0.00,0.0,0.0,0.0,0.0,0.00,0.00,0.00,0.00,0.00,0,0,1,0,0,0,0,0,0,28,0,0,
Matthieu Dreyer,fr FRA,GK,Lorient,fr Ligue 1,33,1989,11,11,990,11.0,14,1.27,37,24,64.9,5,2,4,6,54.5,1,1,0,0,0.0,0,0,0,11.6,0.29,-2.4,-0.22,65,184,35.3,212,27,49.5,41.4,98,80.6,53.9,108,4,3.7,2,0.18,12.8,0,0,0,0,0,0,0.00,0.00,0.00,0.00,0.00,0.0,0.0,0.0,0.0,0.00,0.00,0.00,0.00,0.00,0,0,1,0,0,0,0,0,0,42,0,0,
Martin Dúbravka,sk SVK,GK,Newcastle Utd,eng Premier League,33,1989,22,22,1980,22.0,28,1.27,80,52,66.3,11,4,7,7,31.8,1,1,0,0,0.0,0,5,1,30.3,0.38,+3.3,+0.16,183,408,44.9,471,65,50.5,41.6,187,90.9,63.0,177,13,7.3,6,0.29,12.1,0,0,0,0,1,0,0.00,0.00,0.00,0.00,0.00,0.0,0.0,0.0,0.0,0.00,0.00,0.00,0.00,0.00,0,0,5,0,0,0,0,0,0,84,0,0,
Ederson,br BRA,GK,Manchester City,eng Premier League,28,1993,32,32,2880,32.0,21,0.66,72,50,72.2,24,5,3,18,56.3,1,1,0,0,0.0,0,1,0,19.0,0.26,-1.0,-0.03,129,226,57.1,834,132,23.7,29.8,117,23.9,31.4,148,14,9.5,27,0.87,16.5,0,0,0,0,3,0,0.00,0.00,0.00,0.00,0.00,0.0,0.0,0.1,0.1,0.00,0.00,0.00,0.00,0.00,0,1,7,0,0,0,0,0,1,107,0,0,
Aarón Escandell,es ESP,GK,Granada,es La Liga,26,1995,4,3,284,3.2,6,1.90,14,10,71.4,0,2,1,1,33.3,2,2,0,0,0.0,0,0,0,4.2,0.19,-1.8,-0.58,39,89,43.8,88,13,68.2,48.1,37,78.4,54.3,26,2,7.7,7,2.22,14.5,0,0,0,0,1,1,0.00,0.00,0.00,0.00,0.00,0.0,0.0,0.0,0.0,0.00,0.00,0.00,0.00,0.00,0,0,1,0,0,0,0,0,0,24,0,0,
Michael Esser,de GER,GK,Bochum,de Bundesliga,34,1987,2,2,180,2.0,4,2.00,8,5,62.5,2,0,0,0,0.0,1,1,0,0,0.0,0,1,0,3.5,0.32,-0.5,-0.24,15,56,26.8,64,6,57.8,42.7,26,73.1,48.6,23,0,0.0,0,0.00,9.1,0,0,0,0,0,0,0.00,0.00,0.00,0.00,0.00,0.0,0.0,0.0,0.0,0.00,0.00,0.00,0.00,0.00,0,0,0,0,0,0,0,0,0,13,0,0,
Łukasz Fabiański,pl POL,GK,West Ham,eng Premier League,37,1985,32,32,2880,32.0,42,1.31,129,85,69.0,15,7,10,7,21.9,4,2,1,1,33.3,1,7,1,42.0,0.31,+1.0,+0.03,211,512,41.2,604,120,56.8,44.4,231,73.2,54.0,293,11,3.8,6,0.19,11.8,0,0,0,0,1,0,0.00,0.00,0.00,0.00,0.00,0.0,0.0,0.0,0.0,0.00,0.00,0.00,0.00,0.00,0,1,5,0,0,0,0,0,1,116,0,0,
Wladimiro Falcone,it ITA,GK,Sampdoria,it Serie A,27,1995,10,9,855,9.5,14,1.47,53,41,75.5,2,1,6,2,22.2,1,1,0,0,0.0,0,0,1,15.7,0.28,+2.7,+0.29,65,168,38.7,284,44,40.5,36.7,74,71.6,49.1,108,9,8.3,1,0.11,11.9,0,0,0,0,2,0,0.00,0.00,0.00,0.00,0.00,0.0,0.0,0.0,0.0,0.00,0.00,0.00,0.00,0.00,0,0,1,0,0,0,0,0,0,48,0,0,
Wuilker Faríñez,ve VEN,GK,Lens,fr Ligue 1,24,1998,9,8,765,8.5,10,1.18,31,22,71.0,5,2,1,3,37.5,1,1,0,0,0.0,0,0,0,8.3,0.24,-1.7,-0.20,25,77,32.5,161,40,39.1,33.4,61,23.0,25.7,70,0,0.0,9,1.06,14.9,0,0,0,0,0,0,0.00,0.00,0.00,0.00,0.00,0.0,0.0,0.0,0.0,0.00,0.00,0.00,0.00,0.00,0,0,0,0,0,0,0,0,0,49,0,0,
Aitor Fernández,es ESP,GK,Levante,es La Liga,30,1991,13,13,1166,13.0,29,2.24,79,51,64.6,1,5,7,2,15.4,2,1,1,0,50.0,0,8,0,24.9,0.29,-4.1,-0.32,73,174,42.0,290,62,46.2,40.2,91,44.0,36.4,111,5,4.5,11,0.85,16.3,0,0,0,0,1,1,0.00,0.00,0.00,0.00,0.00,0.0,0.0,0.0,0.0,0.00,0.00,0.00,0.00,0.00,0,0,4,0,0,0,1,0,0,51,0,0,
Álvaro Fernández,es ESP,GK,Brentford,eng Premier League,24,1998,12,12,1080,12.0,24,2.00,67,46,65.7,3,2,7,1,8.3,1,1,0,0,0.0,0,5,2,24.7,0.36,+2.7,+0.23,82,247,33.2,417,56,48.0,38.6,83,56.6,41.0,123,7,5.7,10,0.83,14.3,0,0,0,0,0,0,0.00,0.00,0.00,0.00,0.00,0.0,0.0,0.0,0.0,0.00,0.00,0.00,0.00,0.00,0,0,3,0,0,0,0,0,0,68,0,0,
Vincenzo Fiorillo,it ITA,GK,Salernitana,it Serie A,32,1990,1,1,90,1.0,5,5.00,8,3,37.5,0,0,1,0,0.0,0,0,0,0,,0,1,0,2.6,0.33,-2.4,-2.38,11,19,57.9,20,4,50.0,41.3,11,81.8,53.3,7,1,14.3,0,0.00,10.0,0,0,0,0,0,0,0.00,0.00,0.00,0.00,0.00,0.0,0.0,0.0,0.0,0.00,0.00,0.00,0.00,0.00,0,0,0,0,0,0,0,0,0,2,0,0,
Mark Flekken,nl NED,GK,Freiburg,de Bundesliga,28,1993,29,29,2610,29.0,30,1.03,124,97,77.4,14,9,6,10,34.5,2,2,0,0,0.0,1,3,1,30.8,0.26,+4.8,+0.17,259,626,41.4,968,104,47.9,42.9,213,76.1,62.5,256,15,5.9,23,0.82,15.3,0,0,0,0,0,0,0.00,0.00,0.00,0.00,0.00,0.0,0.0,0.1,0.1,0.00,0.00,0.00,0.00,0.00,0,0,1,0,0,0,0,0,0,148,0,0,
Fraser Forster,eng ENG,GK,Southampton,eng Premier League,34,1988,16,16,1440,16.0,28,1.75,83,58,68.7,6,4,6,3,18.8,2,2,0,0,0.0,0,4,1,28.0,0.32,+1.0,+0.06,106,318,33.3,396,57,55.3,45.2,122,81.1,56.7,153,15,9.8,12,0.75,13.3,0,0,0,0,1,0,0.00,0.00,0.00,0.00,0.00,0.0,0.0,0.0,0.0,0.00,0.00,0.00,0.00,0.00,0,0,3,0,0,0,0,0,0,71,0,0,
Ben Foster,eng ENG,GK,Watford,eng Premier League,39,1983,22,22,1980,22.0,41,1.86,88,49,55.7,5,4,13,3,13.6,3,2,1,0,33.3,0,4,1,31.1,0.37,-3.9,-0.19,189,541,34.9,525,57,71.2,51.6,185,90.3,64.5,212,11,5.2,23,1.10,15.8,0,1,0,0,0,0,0.00,0.05,0.05,0.00,0.05,0.0,0.0,0.1,0.1,0.00,0.00,0.00,0.00,0.00,0,1,4,0,0,0,0,0,0,107,0,0,
Marius Funk,de GER,GK,Greuther Fürth,de Bundesliga,26,1996,8,8,720,8.0,30,3.75,52,26,46.2,0,0,8,0,0.0,2,2,0,0,0.0,0,4,2,24.4,0.44,-3.6,-0.46,70,193,36.3,293,28,49.5,42.1,69,69.6,53.8,51,3,5.9,12,1.50,17.0,0,0,0,0,0,0,0.00,0.00,0.00,0.00,0.00,0.0,0.0,0.1,0.1,0.00,0.02,0.02,0.00,0.02,0,1,1,0,0,0,0,0,1,37,0,0,
Gauthier Gallon,fr FRA,GK,Troyes,fr Ligue 1,29,1993,30,30,2700,30.0,42,1.40,119,86,71.4,8,8,14,8,26.7,8,8,0,0,0.0,0,7,2,38.6,0.26,-1.4,-0.05,212,501,42.3,778,151,46.0,38.8,242,59.1,43.5,276,18,6.5,13,0.43,12.7,0,0,0,0,2,0,0.00,0.00,0.00,0.00,0.00,0.0,0.0,0.0,0.0,0.00,0.00,0.00,0.00,0.00,0,0,8,0,0,0,0,0,0,153,0,0,
Joan García,es ESP,GK,Espanyol,es La Liga,20,2001,2,1,108,1.2,3,2.50,3,0,0.0,0,0,1,0,0.0,0,0,0,0,,0,0,0,1.2,0.39,-1.8,-1.53,4,12,33.3,31,9,32.3,31.4,2,100.0,71.5,11,2,18.2,2,1.67,18.6,0,0,0,0,0,0,0.00,0.00,0.00,0.00,0.00,0.0,0.0,0.0,0.0,0.00,0.00,0.00,0.00,0.00,0,0,0,0,0,0,0,0,0,9,0,0,
David de Gea,es ESP,GK,Manchester Utd,eng Premier League,31,1990,34,34,3060,34.0,51,1.50,159,112,69.8,15,9,10,7,20.6,6,3,3,0,50.0,0,6,3,53.1,0.33,+8.1,+0.24,123,334,36.8,534,110,37.6,35.4,261,51.0,42.3,250,8,3.2,8,0.24,13.8,0,0,0,0,0,0,0.00,0.00,0.00,0.00,0.00,0.0,0.0,0.0,0.0,0.00,0.00,0.00,0.00,0.00,0,0,1,0,0,0,0,0,0,96,0,0,
Luca Gemello,it ITA,GK,Torino,it Serie A,21,2000,1,1,90,1.0,0,0.00,4,4,100.0,1,0,0,1,100.0,0,0,0,0,,0,0,0,0.8,0.20,+0.8,+0.80,9,28,32.1,31,1,80.6,51.8,3,100.0,60.7,4,0,0.0,0,0.00,12.0,0,0,0,0,0,0,0.00,0.00,0.00,0.00,0.00,0.0,0.0,0.0,0.0,0.00,0.00,0.00,0.00,0.00,0,0,0,0,0,0,0,0,0,4,0,0,
Rafał Gikiewicz,pl POL,GK,Augsburg,de Bundesliga,34,1987,30,30,2700,30.0,47,1.57,132,87,66.7,8,8,14,8,26.7,3,3,0,0,0.0,1,3,2,42.9,0.31,-2.1,-0.07,232,594,39.1,855,122,48.9,40.5,256,68.8,51.5,269,19,7.1,32,1.07,16.0,0,0,0,0,0,0,0.00,0.00,0.00,0.00,0.00,0.0,0.0,0.1,0.1,0.00,0.00,0.00,0.00,0.00,0,0,6,0,0,0,0,0,0,167,0,0,
Alfred Gomis,sn SEN,GK,Rennes,fr Ligue 1,28,1993,22,22,1980,22.0,21,0.95,55,37,69.1,13,4,5,9,40.9,4,4,0,0,0.0,0,3,1,21.0,0.34,+1.0,+0.05,130,285,45.6,555,101,35.0,33.9,134,67.9,51.0,210,11,5.2,14,0.64,14.7,0,0,0,0,1,0,0.00,0.00,0.00,0.00,0.00,0.0,0.0,0.0,0.0,0.00,0.00,0.00,0.00,0.00,0,1,4,0,0,0,0,0,1,132,0,0,
Jens Grahl,de GER,GK,Eint Frankfurt,de Bundesliga,33,1988,1,1,90,1.0,2,2.00,4,2,50.0,0,0,1,0,0.0,0,0,0,0,,0,0,0,1.1,0.27,-0.9,-0.91,2,6,33.3,19,5,10.5,26.1,11,36.4,40.5,9,1,11.1,0,0.00,13.0,0,0,0,0,0,0,0.00,0.00,0.00,0.00,0.00,0.0,0.0,0.0,0.0,0.00,0.00,0.00,0.00,0.00,0,0,0,0,0,0,0,0,0,3,0,0,
Ivo Grbić,hr CRO,GK,Lille,fr Ligue 1,26,1996,21,21,1890,21.0,28,1.33,88,63,70.5,8,7,6,2,9.5,2,2,0,0,0.0,1,6,1,27.2,0.29,+0.2,+0.01,110,287,38.3,419,85,44.6,38.7,164,61.0,46.2,203,21,10.3,13,0.62,14.5,0,0,0,0,3,0,0.00,0.00,0.00,0.00,0.00,0.0,0.0,0.0,0.0,0.00,0.00,0.00,0.00,0.00,0,0,9,0,0,0,0,0,0,74,0,0,
Etienne Green,eng ENG,GK,Saint-Étienne,fr Ligue 1,21,2000,15,15,1197,13.3,27,2.03,67,43,61.2,2,5,8,1,6.7,1,1,0,0,0.0,1,3,2,20.6,0.29,-4.4,-0.33,75,188,39.9,295,65,41.7,37.9,109,59.6,47.4,112,9,8.0,8,0.60,14.5,0,0,0,0,1,1,0.00,0.00,0.00,0.00,0.00,0.0,0.0,0.3,0.3,0.00,0.02,0.02,0.00,0.02,0,1,1,0,0,0,0,0,1,63,0,0,
Dominik Greif,sk SVK,GK,Mallorca,es La Liga,25,1997,1,1,90,1.0,3,3.00,6,3,50.0,0,0,1,0,0.0,0,0,0,0,,1,0,0,1.1,0.19,-1.9,-1.87,2,13,15.4,21,6,42.9,37.8,10,40.0,37.4,8,0,0.0,1,1.00,13.0,0,0,0,0,0,0,0.00,0.00,0.00,0.00,0.00,0.0,0.0,0.0,0.0,0.00,0.00,0.00,0.00,0.00,0,0,0,0,0,0,0,0,0,8,0,0,
Lennart Grill,de GER,GK,Leverkusen,de Bundesliga,23,1999,1,1,90,1.0,2,2.00,6,5,66.7,1,0,0,0,0.0,0,0,0,0,,0,0,1,1.1,0.19,+0.1,+0.15,4,17,23.5,36,6,30.6,32.1,9,66.7,47.9,8,0,0.0,0,0.00,7.9,0,0,0,0,0,0,0.00,0.00,0.00,0.00,0.00,0.0,0.0,0.0,0.0,0.00,0.00,0.00,0.00,0.00,0,0,0,0,0,0,0,0,0,5,0,0,
Vicente Guaita,es ESP,GK,Crystal Palace,eng Premier League,35,1987,27,27,2385,26.5,32,1.21,104,75,72.1,7,10,10,9,33.3,3,3,0,0,0.0,1,9,0,27.8,0.25,-4.2,-0.16,146,321,45.5,677,142,35.3,32.9,177,46.3,37.3,196,15,7.7,16,0.60,14.6,0,0,0,0,2,0,0.00,0.00,0.00,0.00,0.00,0.0,0.0,0.0,0.0,0.00,0.00,0.00,0.00,0.00,0,1,2,0,0,0,0,0,1,135,0,0,
Péter Gulácsi,hu HUN,GK,RB Leipzig,de Bundesliga,31,1990,30,30,2700,30.0,30,1.00,96,70,71.9,16,6,8,9,30.0,3,3,0,0,0.0,0,6,1,29.6,0.30,+2.6,+0.09,135,339,39.8,857,135,31.5,33.0,180,38.3,35.5,206,8,3.9,38,1.31,18.0,0,0,0,0,1,0,0.00,0.00,0.00,0.00,0.00,0.0,0.0,0.0,0.0,0.00,0.00,0.00,0.00,0.00,0,0,3,0,0,0,0,0,0,148,0,0,
Angus Gunn,eng ENG,GK,Norwich City,eng Premier League,26,1996,7,7,630,7.0,18,2.57,42,26,61.9,1,1,5,1,14.3,4,2,1,1,33.3,0,2,0,18.4,0.39,+0.4,+0.06,46,112,41.1,162,32,53.1,40.3,62,41.9,38.5,69,6,8.7,6,0.86,14.6,0,0,0,0,0,0,0.00,0.00,0.00,0.00,0.00,0.0,0.0,0.0,0.0,0.00,0.00,0.00,0.00,0.00,0,0,0,0,0,0,0,0,0,31,0,0,
Samir Handanović,si SVN,GK,Inter,it Serie A,37,1984,33,33,2970,33.0,26,0.79,109,86,79.8,21,9,3,14,42.4,4,4,0,0,0.0,0,3,1,27.2,0.22,+3.2,+0.10,183,335,54.6,954,138,31.0,30.5,131,29.8,30.5,220,11,5.0,2,0.06,11.9,0,0,0,0,1,0,0.00,0.00,0.00,0.00,0.00,0.0,0.0,0.0,0.0,0.00,0.00,0.00,0.00,0.00,0,0,2,0,0,0,0,0,0,94,0,0,
Wayne Hennessey,wls WAL,GK,Burnley,eng Premier League,35,1987,2,2,180,2.0,6,3.00,13,7,53.8,0,0,2,0,0.0,0,0,0,0,,0,1,1,4.2,0.34,-0.8,-0.38,26,65,40.0,59,8,76.3,57.8,21,95.2,69.9,20,1,5.0,3,1.50,15.9,0,0,0,0,0,0,0.00,0.00,0.00,0.00,0.00,0.0,0.0,0.1,0.1,0.00,0.06,0.06,0.00,0.06,0,0,1,0,0,0,0,0,0,12,0,0,
Sergio Herrera,es ESP,GK,Osasuna,es La Liga,28,1993,32,32,2880,32.0,42,1.31,116,78,67.2,12,8,12,12,37.5,7,4,3,0,42.9,0,8,1,38.8,0.30,-2.2,-0.07,378,797,47.4,751,62,74.4,53.7,271,87.8,62.1,332,19,5.7,37,1.16,15.7,0,0,0,0,3,0,0.00,0.00,0.00,0.00,0.00,0.0,0.0,0.0,0.0,0.00,0.00,0.00,0.00,0.00,0,0,10,0,0,0,0,0,0,164,0,0,
Marwin Hitz,ch SUI,GK,Dortmund,de Bundesliga,34,1987,3,2,225,2.5,7,2.80,16,10,62.5,0,0,2,0,0.0,1,1,0,0,0.0,0,0,0,2.5,0.18,-1.5,-0.99,4,9,44.4,47,9,19.1,29.4,7,0.0,23.4,11,3,27.3,1,0.67,15.2,0,0,0,0,0,0,0.00,0.00,0.00,0.00,0.00,0.0,0.0,0.0,0.0,0.00,0.00,0.00,0.00,0.00,0,0,0,0,0,0,0,0,0,9,0,0,
Timo Horn,de GER,GK,Köln,de Bundesliga,28,1993,13,13,1170,13.0,21,1.62,55,35,61.8,4,6,3,1,7.7,0,0,0,0,,0,4,1,18.3,0.34,-1.7,-0.13,90,185,48.6,437,47,35.2,35.6,83,37.3,37.4,90,3,3.3,12,0.92,15.9,0,0,0,0,0,0,0.00,0.00,0.00,0.00,0.00,0.0,0.0,0.0,0.0,0.00,0.00,0.00,0.00,0.00,0,0,1,0,0,0,0,0,0,59,0,0,
Lukáš Hrádecký,fi FIN,GK,Leverkusen,de Bundesliga,32,1989,30,30,2700,30.0,42,1.40,144,103,72.2,15,7,8,7,23.3,4,2,1,1,33.3,2,7,0,42.4,0.29,+1.4,+0.05,171,426,40.1,943,152,35.4,34.5,203,45.3,39.3,222,14,6.3,24,0.83,15.3,0,0,0,0,1,0,0.00,0.00,0.00,0.00,0.00,0.0,0.0,0.0,0.0,0.00,0.00,0.00,0.00,0.00,0,0,3,0,0,0,0,0,0,143,0,0,
Stefanos Kapino,gr GRE,GK,Arminia,de Bundesliga,28,1994,1,1,90,1.0,0,0.00,4,4,100.0,1,0,0,1,100.0,0,0,0,0,,0,0,0,1.5,0.37,+1.5,+1.48,8,19,42.1,21,2,52.4,41.1,10,80.0,51.2,22,0,0.0,1,1.00,14.8,0,0,0,0,0,0,0.00,0.00,0.00,0.00,0.00,0.0,0.0,0.0,0.0,0.00,0.00,0.00,0.00,0.00,0,0,0,0,0,0,0,0,0,7,0,0,
Eiji Kawashima,jp JPN,GK,Strasbourg,fr Ligue 1,39,1983,1,1,90,1.0,0,0.00,1,1,100.0,1,0,0,1,100.0,0,0,0,0,,0,0,0,0.0,0.02,0.0,+0.02,1,4,25.0,24,5,8.3,28.4,7,28.6,32.3,8,0,0.0,0,0.00,13.2,0,0,0,0,0,0,0.00,0.00,0.00,0.00,0.00,0.0,0.0,0.0,0.0,0.00,0.00,0.00,0.00,0.00,0,0,0,0,0,0,0,0,0,5,0,0,
Caoimhín Kelleher,ie IRL,GK,Liverpool,eng Premier League,23,1998,2,2,180,2.0,2,1.00,8,5,75.0,1,1,0,1,50.0,0,0,0,0,,0,0,0,2.6,0.32,+0.6,+0.28,8,16,50.0,77,12,18.2,26.3,13,15.4,26.3,11,0,0.0,3,1.50,16.4,0,0,0,0,0,0,0.00,0.00,0.00,0.00,0.00,0.0,0.0,0.0,0.0,0.00,0.00,0.00,0.00,0.00,0,0,1,0,0,0,0,0,0,11,0,0,
Kristoffer Klaesson,no NOR,GK,Leeds United,eng Premier League,21,2000,1,0,36,0.4,0,0.00,4,4,100.0,0,0,0,0,,0,0,0,0,,0,0,0,0.3,0.07,+0.3,+0.67,2,4,50.0,8,2,37.5,34.4,3,33.3,31.0,4,1,25.0,0,0.00,25.0,0,0,0,0,0,0,0.00,0.00,0.00,0.00,0.00,0.0,0.0,0.0,0.0,0.00,0.00,0.00,0.00,0.00,0,0,0,0,0,0,0,0,0,2,0,0,
Gregor Kobel,ch SUI,GK,Dortmund,de Bundesliga,24,1997,29,29,2565,28.5,39,1.37,105,71,65.7,20,3,6,7,24.1,3,3,0,0,0.0,2,5,2,35.6,0.32,-1.4,-0.05,103,277,37.2,836,135,24.4,30.2,184,39.7,37.1,189,20,10.6,27,0.95,15.6,0,0,0,0,0,0,0.00,0.00,0.00,0.00,0.00,0.0,0.0,0.0,0.0,0.00,0.00,0.00,0.00,0.00,0,1,6,0,0,0,0,0,1,154,0,0,
Tim Krul,nl NED,GK,Norwich City,eng Premier League,34,1988,26,26,2340,26.0,51,1.96,136,90,66.9,4,5,17,5,19.2,8,6,1,1,14.3,1,8,2,44.1,0.31,-1.9,-0.08,160,412,38.8,695,132,45.2,39.7,190,51.6,43.7,209,10,4.8,10,0.42,12.7,0,0,0,0,1,0,0.00,0.00,0.00,0.00,0.00,0.0,0.0,0.4,0.4,0.00,0.02,0.02,0.00,0.02,0,0,1,0,0,0,0,0,0,124,0,0,
Alban Lafont,fr FRA,GK,Nantes,fr Ligue 1,23,1999,33,33,2970,33.0,38,1.15,126,91,72.2,13,8,12,8,24.2,5,3,2,0,40.0,0,6,1,37.4,0.27,+0.4,+0.01,171,548,31.2,708,108,50.0,43.8,245,79.2,57.2,243,19,7.8,23,0.70,15.0,0,0,0,0,2,0,0.00,0.00,0.00,0.00,0.00,0.0,0.0,0.0,0.0,0.00,0.00,0.00,0.00,0.00,0,0,3,0,0,0,0,0,0,142,0,0,
Jean-Louis Leca,fr FRA,GK,Lens,fr Ligue 1,36,1985,26,26,2295,25.5,32,1.25,92,63,68.5,10,7,9,5,19.2,4,3,1,0,25.0,1,2,0,28.0,0.30,-3.0,-0.12,113,269,42.0,521,127,37.8,34.7,184,39.1,35.2,207,23,11.1,13,0.53,13.4,0,0,0,0,3,0,0.00,0.00,0.00,0.00,0.00,0.0,0.0,0.0,0.0,0.00,0.00,0.00,0.00,0.00,0,1,3,0,0,1,0,0,1,129,0,0,
Jeremías Ledesma,ar ARG,GK,Cádiz,es La Liga,29,1993,33,33,2970,33.0,46,1.39,136,97,72.8,6,13,14,11,33.3,11,9,2,0,18.2,0,9,0,47.1,0.28,+1.1,+0.03,281,737,38.1,719,95,69.4,53.0,283,84.1,64.4,323,30,9.3,14,0.42,13.2,0,0,0,0,4,0,0.00,0.00,0.00,0.00,0.00,0.0,0.0,0.0,0.0,0.00,0.00,0.00,0.00,0.00,0,2,9,0,0,0,0,0,2,172,1,0,100.0
Bernd Leno,de GER,GK,Arsenal,eng Premier League,30,1992,4,4,360,4.0,9,2.25,19,9,52.6,1,0,3,1,25.0,0,0,0,0,,0,1,0,7.4,0.39,-1.6,-0.41,16,53,30.2,74,12,37.8,37.1,37,67.6,49.8,48,2,4.2,1,0.25,12.9,0,0,0,0,0,0,0.00,0.00,0.00,0.00,0.00,0.0,0.0,0.0,0.0,0.00,0.00,0.00,0.00,0.00,0,0,0,0,0,0,0,0,0,16,0,0,
Luca Lezzerini,it ITA,GK,Venezia,it Serie A,27,1995,6,6,495,5.5,9,1.64,39,30,76.9,2,1,3,0,0.0,0,0,0,0,,0,0,0,11.6,0.31,+2.6,+0.47,30,70,42.9,155,39,33.5,32.9,42,42.9,34.9,57,2,3.5,2,0.36,11.4,0,0,0,0,2,0,0.00,0.00,0.00,0.00,0.00,0.0,0.0,0.0,0.0,0.00,0.00,0.00,0.00,0.00,0,0,1,0,0,0,0,0,0,32,0,0,
Andreas Linde,se SWE,GK,Greuther Fürth,de Bundesliga,28,1993,10,10,900,10.0,20,2.00,54,34,64.8,1,4,5,3,30.0,1,1,0,0,0.0,0,4,1,14.6,0.29,-0.4,-0.04,62,185,33.5,300,48,45.3,39.4,79,62.0,47.6,130,9,6.9,4,0.44,14.4,0,0,0,0,0,0,0.00,0.00,0.00,0.00,0.00,0.0,0.0,0.0,0.0,0.00,0.00,0.00,0.00,0.00,0,0,0,0,0,0,0,0,0,55,0,0,
Hugo Lloris,fr FRA,GK,Tottenham,eng Premier League,35,1986,33,33,2970,33.0,38,1.15,123,88,70.7,18,4,11,13,39.4,2,2,0,0,0.0,1,5,1,36.5,0.29,-0.5,-0.02,137,290,47.2,563,124,35.9,34.0,232,37.9,33.1,298,19,6.4,22,0.69,14.3,0,0,0,0,1,0,0.00,0.00,0.00,0.00,0.00,0.0,0.0,0.5,0.5,0.00,0.02,0.02,0.00,0.02,0,0,3,0,0,0,0,0,0,131,0,1,0.0
Anthony Lopes,pt POR,GK,Lyon,fr Ligue 1,31,1990,30,30,2622,29.1,39,1.34,128,94,71.9,11,11,8,7,23.3,3,3,0,0,0.0,1,6,3,37.0,0.27,+1.0,+0.03,135,280,48.2,805,128,27.7,31.4,186,30.6,33.1,215,10,4.7,21,0.72,15.3,0,0,0,0,1,1,0.00,0.00,0.00,0.00,0.00,0.0,0.0,0.0,0.0,0.00,0.00,0.00,0.00,0.00,0,0,4,0,0,0,0,0,0,119,0,1,0.0
Diego López,es ESP,GK,Espanyol,es La Liga,40,1981,31,31,2727,30.3,41,1.35,124,87,69.4,10,9,12,9,29.0,3,3,0,0,0.0,0,4,2,36.0,0.27,-3.0,-0.10,156,415,37.6,743,170,40.2,37.7,240,48.3,40.3,349,38,10.9,24,0.79,14.0,0,0,0,0,4,0,0.00,0.00,0.00,0.00,0.00,0.0,0.0,0.0,0.0,0.00,0.00,0.00,0.00,0.00,0,0,5,0,0,0,0,0,0,160,0,0,
Pau López,es ESP,GK,Marseille,fr Ligue 1,27,1994,28,28,2520,28.0,26,0.93,77,52,71.4,15,6,7,10,35.7,4,4,0,0,0.0,0,6,0,29.5,0.34,+1.5,+0.05,150,325,46.2,1120,133,23.6,29.5,154,39.6,37.2,163,24,14.7,28,1.00,16.7,0,1,0,0,3,0,0.00,0.04,0.04,0.00,0.04,0.0,0.0,0.6,0.6,0.00,0.02,0.02,0.00,0.02,0,0,3,0,0,0,0,0,0,157,0,0,
Jonas Lössl,dk DEN,GK,Brentford,eng Premier League,33,1989,2,2,180,2.0,5,2.50,7,2,28.6,0,0,2,0,0.0,0,0,0,0,,0,0,0,3.3,0.46,-1.7,-0.87,13,30,43.3,49,6,53.1,38.9,13,30.8,34.2,14,0,0.0,4,2.00,19.8,0,0,0,0,0,0,0.00,0.00,0.00,0.00,0.00,0.0,0.0,0.0,0.0,0.00,0.00,0.00,0.00,0.00,0,0,0,0,0,0,0,0,0,8,0,0,
Marcel Lotka,pl POL,GK,Hertha BSC,de Bundesliga,20,2001,6,5,525,5.8,15,2.57,32,19,59.4,1,0,4,1,20.0,2,2,0,0,0.0,0,3,0,14.4,0.40,-0.6,-0.11,45,110,40.9,161,29,47.8,41.5,50,66.0,52.2,58,4,6.9,5,0.86,13.6,0,0,0,0,1,0,0.00,0.00,0.00,0.00,0.00,0.0,0.0,0.0,0.0,0.00,0.00,0.00,0.00,0.00,0,0,3,1,0,0,0,0,0,37,0,0,
Andreas Luthe,de GER,GK,Union Berlin,de Bundesliga,35,1987,25,25,2250,25.0,36,1.44,99,67,65.7,9,7,9,6,24.0,2,2,0,0,0.0,0,5,3,32.2,0.31,-0.8,-0.03,165,457,36.1,715,109,46.9,39.4,201,60.7,45.2,219,15,6.8,15,0.60,13.9,0,0,0,0,2,0,0.00,0.00,0.00,0.00,0.00,0.0,0.0,0.0,0.0,0.00,0.00,0.00,0.00,0.00,0,1,3,0,0,0,0,0,1,140,0,0,
Niki Mäenpää,fi FIN,GK,Venezia,it Serie A,37,1985,12,11,1035,11.5,19,1.65,39,24,61.5,0,2,9,0,0.0,5,4,0,1,0.0,0,1,0,15.4,0.36,-0.6,-0.05,43,129,33.3,245,47,41.2,37.2,84,33.3,31.5,99,6,6.1,5,0.48,12.8,0,0,0,0,1,0,0.00,0.00,0.00,0.00,0.00,0.0,0.0,0.0,0.0,0.00,0.00,0.00,0.00,0.00,0,1,0,0,0,0,0,0,1,50,0,0,
Mike Maignan,fr FRA,GK,Milan,it Serie A,26,1995,27,27,2430,27.0,19,0.70,89,72,80.9,17,7,3,14,51.9,2,2,0,0,0.0,0,4,1,24.5,0.26,+6.5,+0.24,174,355,49.0,821,135,37.5,36.0,123,38.2,37.2,184,22,12.0,23,0.85,15.5,0,1,0,0,1,0,0.00,0.04,0.04,0.00,0.04,0.0,0.0,0.4,0.4,0.00,0.01,0.01,0.00,0.01,0,0,8,0,0,0,0,0,0,126,0,0,
Giorgi Mamardashvili,ge GEO,GK,Valencia,es La Liga,21,2000,15,15,1350,15.0,16,1.07,58,44,75.9,5,5,5,7,46.7,2,2,0,0,0.0,0,1,0,14.1,0.22,-1.9,-0.13,115,275,41.8,296,51,62.8,46.0,114,78.1,57.4,146,11,7.5,15,1.00,14.5,0,0,0,0,1,0,0.00,0.00,0.00,0.00,0.00,0.0,0.0,0.0,0.0,0.00,0.00,0.00,0.00,0.00,0,0,2,0,0,0,0,0,0,67,0,0,
Steve Mandanda,fr FRA,GK,Marseille,fr Ligue 1,37,1985,5,5,450,5.0,5,1.00,16,11,68.8,3,2,0,2,40.0,0,0,0,0,,0,3,1,3.1,0.19,-0.9,-0.18,23,43,53.5,131,20,26.0,30.9,35,25.7,32.1,49,5,10.2,6,1.20,19.0,0,0,0,0,0,0,0.00,0.00,0.00,0.00,0.00,0.0,0.0,0.0,0.0,0.00,0.00,0.00,0.00,0.00,0,0,0,0,0,0,0,0,0,21,0,0,
Anthony Mandrea,fr FRA,GK,Angers,fr Ligue 1,25,1996,5,5,450,5.0,8,1.60,26,18,69.2,1,2,2,1,20.0,0,0,0,0,,0,2,0,8.9,0.35,+0.9,+0.19,28,81,34.6,91,21,56.0,44.9,47,63.8,49.0,63,2,3.2,0,0.00,10.4,0,0,0,0,0,0,0.00,0.00,0.00,0.00,0.00,0.0,0.0,0.0,0.0,0.00,0.00,0.00,0.00,0.00,0,0,1,0,0,0,0,0,0,25,0,0,
Emiliano Martínez,ar ARG,GK,Aston Villa,eng Premier League,29,1992,31,31,2790,31.0,43,1.39,115,76,65.2,11,4,16,10,32.3,5,3,1,1,25.0,2,6,2,34.4,0.27,-6.6,-0.22,163,396,41.2,676,116,43.2,37.7,232,44.8,39.4,229,12,5.2,24,0.80,14.6,0,0,0,0,4,0,0.00,0.00,0.00,0.00,0.00,0.0,0.0,0.0,0.0,0.00,0.00,0.00,0.00,0.00,0,0,7,0,0,1,0,0,0,139,0,1,0.0
Josep Martinez,es ESP,GK,RB Leipzig,de Bundesliga,23,1998,1,1,90,1.0,3,3.00,4,1,25.0,0,0,1,0,0.0,0,0,0,0,,0,0,0,1.9,0.48,-1.1,-1.09,2,5,40.0,15,1,26.7,35.1,7,14.3,34.3,3,0,0.0,3,3.00,26.5,0,0,0,0,0,0,0.00,0.00,0.00,0.00,0.00,0.0,0.0,0.0,0.0,0.00,0.00,0.00,0.00,0.00,0,0,0,0,0,0,0,0,0,5,0,0,
Luís Maximiano,pt POR,GK,Granada,es La Liga,23,1999,29,29,2596,28.8,49,1.70,147,103,70.1,6,10,13,5,17.2,7,5,2,0,28.6,0,8,2,53.6,0.33,+5.6,+0.19,213,640,33.3,738,136,58.4,45.4,286,73.1,53.1,331,26,7.9,36,1.21,15.8,0,0,0,0,2,0,0.00,0.00,0.00,0.00,0.00,0.0,0.0,0.0,0.0,0.00,0.00,0.00,0.00,0.00,0,0,3,0,0,0,0,0,0,171,0,0,
Alex McCarthy,eng ENG,GK,Southampton,eng Premier League,32,1989,15,15,1350,15.0,21,1.40,60,38,65.0,3,7,5,5,33.3,0,0,0,0,,0,6,0,20.8,0.35,-0.2,-0.02,72,241,29.9,341,61,46.3,39.9,109,76.1,56.8,135,17,12.6,3,0.20,12.4,0,0,0,0,1,0,0.00,0.00,0.00,0.00,0.00,0.0,0.0,0.0,0.0,0.00,0.00,0.00,0.00,0.00,0,0,1,0,0,0,0,0,0,52,0,0,
Edouard Mendy,sn SEN,GK,Chelsea,eng Premier League,30,1992,27,27,2430,27.0,25,0.93,77,58,75.3,16,7,4,12,44.4,6,6,0,0,0.0,0,1,1,24.6,0.25,+0.6,+0.02,91,215,42.3,614,98,26.5,29.4,143,36.4,31.1,207,18,8.7,16,0.59,13.7,0,0,0,0,3,0,0.00,0.00,0.00,0.00,0.00,0.0,0.0,0.0,0.0,0.00,0.00,0.00,0.00,0.00,0,1,2,0,0,0,0,0,1,96,0,0,
Alex Meret,it ITA,GK,Napoli,it Serie A,25,1997,5,5,450,5.0,3,0.60,19,16,84.2,4,1,0,2,40.0,0,0,0,0,,0,0,0,3.5,0.19,+0.5,+0.11,11,21,52.4,96,29,14.6,26.2,23,30.4,31.0,37,3,8.1,1,0.20,12.3,0,0,0,0,0,0,0.00,0.00,0.00,0.00,0.00,0.0,0.0,0.0,0.0,0.00,0.00,0.00,0.00,0.00,0,0,4,0,0,0,0,0,0,12,0,0,
Illan Meslier,fr FRA,GK,Leeds United,eng Premier League,22,2000,32,32,2844,31.6,68,2.15,179,114,64.8,8,9,15,4,12.5,5,5,0,0,0.0,3,10,1,59.1,0.31,-7.9,-0.25,130,395,32.9,919,213,33.0,31.9,230,40.0,36.8,193,18,9.3,31,0.98,14.7,0,0,0,0,2,0,0.00,0.00,0.00,0.00,0.00,0.0,0.0,0.0,0.0,0.00,0.00,0.00,0.00,0.00,0,0,9,0,0,0,0,0,0,131,0,0,
Vanja Milinković-Savić,rs SRB,GK,Torino,it Serie A,25,1997,26,26,2340,26.0,29,1.12,70,46,65.7,9,6,11,4,15.4,6,5,1,0,16.7,2,3,0,23.9,0.29,-4.1,-0.16,212,646,32.8,794,89,63.6,51.0,156,90.4,70.1,136,10,7.4,12,0.48,13.8,0,0,0,0,3,0,0.00,0.00,0.00,0.00,0.00,0.1,0.1,0.0,0.1,0.00,0.00,0.00,0.00,0.00,0,2,2,0,0,0,0,0,2,123,0,0,
Lorenzo Montipò,it ITA,GK,Hellas Verona,it Serie A,26,1996,31,31,2790,31.0,45,1.45,118,75,63.6,12,10,9,4,12.9,3,2,1,0,33.3,0,7,2,37.5,0.31,-4.5,-0.15,196,555,35.3,646,109,63.6,46.5,209,68.9,49.1,269,13,4.8,12,0.40,13.5,0,0,0,0,1,0,0.00,0.00,0.00,0.00,0.00,0.0,0.0,0.0,0.0,0.00,0.00,0.00,0.00,0.00,0,0,4,0,0,1,0,0,0,132,0,0,
Jessy Moulin,fr FRA,GK,Troyes,fr Ligue 1,36,1986,3,3,270,3.0,4,1.33,6,3,50.0,0,1,2,0,0.0,1,1,0,0,0.0,1,0,0,2.7,0.34,-1.3,-0.43,14,39,35.9,67,17,43.3,39.9,25,40.0,38.5,17,2,11.8,0,0.00,13.1,0,0,0,0,3,1,0.00,0.00,0.00,0.00,0.00,0.0,0.0,0.0,0.0,0.00,0.00,0.00,0.00,0.00,1,0,1,0,0,0,0,0,0,16,0,0,
Florian Müller,de GER,GK,Stuttgart,de Bundesliga,24,1997,26,26,2340,26.0,46,1.77,117,75,64.1,6,8,12,4,15.4,4,4,0,0,0.0,1,5,1,36.8,0.29,-8.2,-0.31,123,248,49.6,684,131,26.6,30.0,203,32.5,31.8,245,11,4.5,22,0.85,14.4,0,0,0,0,0,0,0.00,0.00,0.00,0.00,0.00,0.0,0.0,0.0,0.0,0.00,0.00,0.00,0.00,0.00,0,0,3,0,0,0,0,0,0,134,0,0,
Juan Musso,ar ARG,GK,Atalanta,it Serie A,27,1994,28,28,2482,27.6,33,1.20,95,64,66.3,15,6,7,8,28.6,2,1,0,1,0.0,0,2,2,27.1,0.29,-2.9,-0.11,140,324,43.2,590,123,33.2,34.1,176,72.7,52.8,174,14,8.0,21,0.79,15.5,0,0,0,0,1,1,0.00,0.00,0.00,0.00,0.00,0.0,0.0,0.0,0.0,0.00,0.00,0.00,0.00,0.00,0,2,1,0,0,0,0,0,1,107,0,0,
Paul Nardi,fr FRA,GK,Lorient,fr Ligue 1,27,1994,22,22,1980,22.0,38,1.73,88,56,61.4,3,8,11,4,18.2,5,4,0,1,0.0,4,3,2,31.6,0.32,-4.4,-0.20,81,317,25.6,361,75,51.0,43.3,176,75.6,58.9,209,6,2.9,7,0.32,13.1,0,0,0,0,1,0,0.00,0.00,0.00,0.00,0.00,0.0,0.0,0.0,0.0,0.00,0.00,0.00,0.00,0.00,0,0,4,0,0,0,0,0,0,82,0,0,
Keylor Navas,cr CRC,GK,Paris S-G,fr Ligue 1,35,1986,19,19,1684,18.7,16,0.86,73,58,79.5,12,5,2,7,36.8,1,1,0,0,0.0,0,2,0,15.6,0.21,+0.6,+0.04,38,75,50.7,361,87,16.3,27.2,124,12.9,23.0,136,8,5.9,11,0.62,13.8,0,0,0,0,0,1,0.00,0.00,0.00,0.00,0.00,0.0,0.0,0.0,0.0,0.00,0.00,0.00,0.00,0.00,0,0,1,0,0,0,0,0,0,84,0,0,
Neto,br BRA,GK,Barcelona,es La Liga,32,1989,2,2,180,2.0,3,1.50,9,6,66.7,1,1,0,0,0.0,0,0,0,0,,1,1,0,3.0,0.33,0.0,-0.01,19,36,52.8,81,11,42.0,36.2,16,12.5,28.4,21,1,4.8,2,1.00,13.9,0,0,0,0,0,0,0.00,0.00,0.00,0.00,0.00,0.0,0.0,0.0,0.0,0.00,0.00,0.00,0.00,0.00,0,0,0,0,0,0,0,0,0,11,0,0,
Manuel Neuer,de GER,GK,Bayern Munich,de Bundesliga,36,1986,26,26,2340,26.0,22,0.85,81,60,74.1,22,2,2,10,38.5,1,1,0,0,0.0,0,1,0,20.3,0.25,-0.7,-0.03,151,254,59.4,942,141,24.5,30.5,149,15.4,27.6,178,12,6.7,39,1.56,20.1,0,0,0,0,0,0,0.00,0.00,0.00,0.00,0.00,0.0,0.0,0.0,0.0,0.00,0.00,0.00,0.00,0.00,0,0,2,0,0,0,0,0,0,141,0,0,
Alexander Nübel,de GER,GK,Monaco,fr Ligue 1,25,1996,34,34,3060,34.0,35,1.03,110,86,75.5,17,8,9,10,29.4,9,8,0,1,0.0,0,5,3,35.8,0.28,+4.8,+0.14,158,392,40.3,750,142,34.8,34.9,242,54.1,44.9,224,9,4.0,17,0.52,14.8,0,0,0,0,1,0,0.00,0.00,0.00,0.00,0.00,0.0,0.0,0.0,0.0,0.00,0.00,0.00,0.00,0.00,0,0,3,0,0,0,0,0,0,167,0,0,
Jan Oblak,si SVN,GK,Atlético Madrid,es La Liga,29,1993,33,33,2970,33.0,39,1.18,81,49,59.3,18,7,8,10,30.3,7,6,1,0,14.3,2,3,2,28.8,0.28,-8.2,-0.25,165,520,31.7,695,132,53.4,43.0,230,64.8,49.5,255,17,6.7,14,0.42,13.9,0,0,0,0,2,0,0.00,0.00,0.00,0.00,0.00,0.0,0.0,0.0,0.0,0.00,0.00,0.00,0.00,0.00,0,0,8,0,0,0,0,0,0,152,1,0,100.0
Oier Olazábal,es ESP,GK,Espanyol,es La Liga,32,1989,2,1,135,1.5,1,0.67,7,7,100.0,0,0,1,1,100.0,1,1,0,0,0.0,0,0,0,2.7,0.26,+1.7,+1.14,10,29,34.5,33,5,57.6,42.5,10,100.0,60.4,19,0,0.0,0,0.00,9.0,0,0,0,0,0,0,0.00,0.00,0.00,0.00,0.00,0.0,0.0,0.0,0.0,0.00,0.00,0.00,0.00,0.00,0,0,0,0,0,0,0,0,0,9,0,0,
Jonas Omlin,ch SUI,GK,Montpellier,fr Ligue 1,28,1994,28,28,2497,27.7,39,1.41,151,114,75.5,10,4,14,8,28.6,3,2,1,0,33.3,0,3,0,34.8,0.23,+0.8,+0.03,153,360,42.5,752,167,32.7,33.4,253,45.1,40.2,283,21,7.4,15,0.56,13.8,0,0,0,0,0,1,0.00,0.00,0.00,0.00,0.00,0.0,0.0,0.0,0.0,0.00,0.00,0.00,0.00,0.00,0,0,3,0,0,0,0,0,0,131,0,0,
Stefan Ortega,de GER,GK,Arminia,de Bundesliga,29,1992,30,30,2700,30.0,49,1.63,148,104,71.6,4,11,15,6,20.0,7,7,0,0,0.0,1,6,1,49.1,0.31,+4.1,+0.14,414,869,47.6,1231,70,56.9,45.5,273,61.5,49.9,275,10,3.6,31,1.07,15.8,0,0,0,0,1,0,0.00,0.00,0.00,0.00,0.00,0.0,0.0,0.4,0.4,0.00,0.01,0.01,0.00,0.01,0,0,3,0,0,0,0,0,0,172,0,1,0.0
David Ospina,co COL,GK,Napoli,it Serie A,33,1988,28,28,2520,28.0,24,0.86,94,72,75.5,16,6,6,11,39.3,1,1,0,0,0.0,0,3,1,26.0,0.27,+3.0,+0.11,114,259,44.0,734,107,31.1,32.0,136,22.8,26.6,190,16,8.4,18,0.64,14.9,0,0,0,0,1,0,0.00,0.00,0.00,0.00,0.00,0.0,0.0,0.0,0.0,0.00,0.00,0.00,0.00,0.00,0,0,8,0,0,0,0,0,0,124,0,1,0.0
Alexandre Oukidja,dz ALG,GK,Metz,fr Ligue 1,33,1988,20,20,1797,20.0,38,1.90,86,52,59.3,2,8,10,3,15.0,3,3,0,0,0.0,1,2,2,33.2,0.36,-2.8,-0.14,156,354,44.1,408,123,55.1,45.1,159,81.1,58.9,173,29,16.8,26,1.30,16.4,0,0,0,0,2,0,0.00,0.00,0.00,0.00,0.00,0.0,0.0,0.0,0.0,0.00,0.00,0.00,0.00,0.00,0,1,13,0,0,0,0,0,1,107,0,0,
Jesús Owono,gq EQG,GK,Alavés,es La Liga,21,2001,1,1,90,1.0,1,1.00,4,3,75.0,0,1,0,0,0.0,0,0,0,0,,0,0,0,0.7,0.16,-0.3,-0.35,9,21,42.9,20,2,90.0,60.0,3,100.0,75.0,4,0,0.0,2,2.00,15.7,0,0,0,0,0,0,0.00,0.00,0.00,0.00,0.00,0.0,0.0,0.0,0.0,0.00,0.00,0.00,0.00,0.00,0,0,0,0,0,0,0,0,0,13,0,0,
Fernando Pacheco,es ESP,GK,Alavés,es La Liga,29,1992,30,30,2693,29.9,51,1.70,118,71,60.2,6,5,19,6,20.0,7,4,3,0,42.9,0,8,0,47.5,0.36,-3.5,-0.12,333,654,50.9,638,72,69.9,49.7,275,75.6,53.1,301,23,7.6,23,0.77,14.7,0,0,0,0,1,0,0.00,0.00,0.00,0.00,0.00,0.0,0.0,0.3,0.3,0.00,0.01,0.01,0.00,0.01,0,0,3,0,0,0,0,0,0,125,0,0,
Daniele Padelli,it ITA,GK,Udinese,it Serie A,36,1985,2,2,180,2.0,8,4.00,11,3,27.3,0,0,2,0,0.0,0,0,0,0,,0,0,0,5.1,0.46,-2.9,-1.44,11,35,31.4,63,9,39.7,32.3,14,71.4,50.2,20,1,5.0,1,0.50,11.8,0,0,0,0,0,0,0.00,0.00,0.00,0.00,0.00,0.0,0.0,0.0,0.0,0.00,0.00,0.00,0.00,0.00,0,0,0,0,0,0,0,0,0,15,0,0,
Ivor Pandur,hr CRO,GK,Hellas Verona,it Serie A,22,2000,3,3,270,3.0,6,2.00,14,9,64.3,1,0,2,0,0.0,1,1,0,0,0.0,1,1,0,5.1,0.29,-0.9,-0.31,14,26,53.8,53,10,37.7,36.8,15,40.0,34.2,9,1,11.1,0,0.00,12.3,0,0,0,0,0,0,0.00,0.00,0.00,0.00,0.00,0.0,0.0,0.0,0.0,0.00,0.00,0.00,0.00,0.00,0,0,1,0,0,0,0,0,0,12,0,0,
Rui Patrício,pt POR,GK,Roma,it Serie A,34,1988,34,34,3060,34.0,40,1.18,127,91,71.7,17,7,10,13,38.2,5,4,1,0,20.0,1,4,2,33.6,0.24,-1.4,-0.04,180,381,47.2,729,127,42.8,37.1,199,34.7,33.3,218,5,2.3,16,0.48,12.8,0,0,0,0,2,0,0.00,0.00,0.00,0.00,0.00,0.0,0.0,0.4,0.4,0.00,0.01,0.01,0.00,0.01,0,0,1,0,0,0,0,0,0,138,0,0,
Gianluca Pegolo,it ITA,GK,Sassuolo,it Serie A,41,1981,1,1,90,1.0,3,3.00,5,2,40.0,0,0,1,0,0.0,0,0,0,0,,0,1,0,1.8,0.36,-1.2,-1.20,6,10,60.0,26,4,30.8,31.0,8,25.0,25.6,12,0,0.0,0,0.00,12.8,0,0,0,0,0,0,0.00,0.00,0.00,0.00,0.00,0.0,0.0,0.0,0.0,0.00,0.00,0.00,0.00,0.00,0,0,0,0,0,0,0,0,0,3,0,0,
Philipp Pentke,de GER,GK,Hoffenheim,de Bundesliga,36,1985,1,1,90,1.0,3,3.00,7,4,57.1,1,0,0,0,0.0,0,0,0,0,,0,0,0,2.3,0.33,-0.7,-0.71,4,11,36.4,33,5,30.3,29.5,7,14.3,27.4,8,0,0.0,1,1.00,13.6,0,0,0,0,0,0,0.00,0.00,0.00,0.00,0.00,0.0,0.0,0.0,0.0,0.00,0.00,0.00,0.00,0.00,0,0,0,0,0,0,0,0,0,6,0,0,
Juan Pérez,es ESP,GK,Osasuna,es La Liga,25,1996,1,1,90,1.0,2,2.00,4,2,50.0,0,0,1,0,0.0,0,0,0,0,,0,1,0,0.9,0.23,-1.1,-1.08,3,18,16.7,19,4,68.4,46.5,5,100.0,64.2,8,1,12.5,2,2.00,16.9,0,0,0,0,0,0,0.00,0.00,0.00,0.00,0.00,0.0,0.0,0.0,0.0,0.00,0.00,0.00,0.00,0.00,0,0,0,0,0,0,0,0,0,7,0,0,
Mattia Perin,it ITA,GK,Juventus,it Serie A,29,1992,3,3,270,3.0,4,1.33,8,4,50.0,2,0,1,1,33.3,0,0,0,0,,0,1,0,4.1,0.52,+0.1,+0.04,10,25,40.0,64,8,34.4,36.7,21,14.3,23.2,25,2,8.0,0,0.00,10.1,0,0,0,0,0,0,0.00,0.00,0.00,0.00,0.00,0.0,0.0,0.0,0.0,0.00,0.00,0.00,0.00,0.00,0,0,0,0,0,0,0,0,0,14,0,0,
Pavao Pervan,at AUT,GK,Wolfsburg,de Bundesliga,34,1987,5,5,450,5.0,14,2.80,28,16,53.6,0,0,5,0,0.0,1,1,0,0,0.0,1,2,1,7.1,0.22,-5.9,-1.19,18,48,37.5,130,24,31.5,32.5,35,20.0,22.7,33,1,3.0,5,1.00,14.9,0,0,0,0,0,0,0.00,0.00,0.00,0.00,0.00,0.0,0.0,0.0,0.0,0.00,0.00,0.00,0.00,0.00,0,0,0,0,0,0,0,0,0,22,0,0,
Danijel Petković,me MNE,GK,Angers,fr Ligue 1,28,1993,15,15,1350,15.0,22,1.47,62,44,67.7,3,3,9,2,13.3,3,2,1,0,33.3,0,1,2,16.4,0.24,-3.6,-0.24,52,155,33.5,340,90,30.3,32.3,120,43.3,38.7,135,12,8.9,10,0.67,12.5,0,0,0,0,1,0,0.00,0.00,0.00,0.00,0.00,0.0,0.0,0.0,0.0,0.00,0.00,0.00,0.00,0.00,0,0,4,0,0,0,0,0,0,85,0,0,
Jordan Pickford,eng ENG,GK,Everton,eng Premier League,28,1994,29,29,2610,29.0,50,1.72,139,93,64.7,7,5,17,5,17.2,1,1,0,0,0.0,2,10,3,43.9,0.31,-3.1,-0.11,220,646,34.1,730,100,65.2,50.6,216,78.7,62.8,237,16,6.8,21,0.72,15.4,0,0,0,0,2,0,0.00,0.00,0.00,0.00,0.00,0.0,0.0,0.1,0.1,0.00,0.00,0.00,0.00,0.00,0,0,4,0,0,0,0,0,0,131,0,0,
Julian Pollersbeck,de GER,GK,Lyon,fr Ligue 1,27,1994,6,4,436,4.8,6,1.24,21,19,90.5,3,0,1,1,25.0,4,4,0,0,0.0,0,1,0,3.7,0.07,-0.3,-0.07,15,33,45.5,108,17,24.1,29.5,28,25.0,29.0,19,0,0.0,1,0.26,15.3,0,0,0,0,0,0,0.00,0.00,0.00,0.00,0.00,0.0,0.0,0.0,0.0,0.00,0.00,0.00,0.00,0.00,0,0,1,0,0,0,0,0,0,17,0,0,
Nick Pope,eng ENG,GK,Burnley,eng Premier League,30,1992,30,30,2700,30.0,39,1.30,127,89,71.7,5,13,12,8,26.7,3,3,0,0,0.0,1,6,0,39.9,0.32,+2.9,+0.10,260,684,38.0,636,105,74.4,53.3,227,93.0,65.5,302,28,9.3,47,1.62,18.1,0,0,0,0,0,0,0.00,0.00,0.00,0.00,0.00,0.0,0.0,0.2,0.2,0.00,0.01,0.01,0.00,0.01,0,0,4,0,0,0,0,0,0,149,0,0,
Gaëtan Poussin,fr FRA,GK,Bordeaux,fr Ligue 1,23,1999,11,11,990,11.0,27,2.45,47,24,46.8,2,4,5,1,9.1,4,2,2,0,50.0,0,4,2,20.5,0.37,-4.5,-0.41,84,195,43.1,323,48,43.0,37.3,94,59.6,45.6,98,3,3.1,18,1.64,15.5,0,0,0,0,3,0,0.00,0.00,0.00,0.00,0.00,0.0,0.0,0.0,0.0,0.00,0.00,0.00,0.00,0.00,0,0,1,0,0,0,0,0,0,52,0,0,
Ivan Provedel,it ITA,GK,Spezia,it Serie A,28,1994,27,27,2430,27.0,40,1.48,131,99,75.6,8,5,14,7,25.9,11,8,1,2,11.1,3,3,2,37.4,0.25,+1.4,+0.05,229,576,39.8,819,113,53.7,44.2,197,69.0,51.9,239,20,8.4,20,0.77,14.8,0,0,0,0,2,0,0.00,0.00,0.00,0.00,0.00,0.0,0.0,0.0,0.0,0.00,0.00,0.00,0.00,0.00,0,2,3,0,0,0,0,0,2,115,0,0,
Boris Radunović,rs SRB,GK,Cagliari,it Serie A,25,1996,3,3,270,3.0,5,1.67,15,11,73.3,0,2,1,1,33.3,2,1,1,0,50.0,1,0,0,5.9,0.31,+0.9,+0.30,26,69,37.7,75,11,61.3,45.1,28,82.1,54.2,29,1,3.4,1,0.33,11.9,0,0,0,0,0,0,0.00,0.00,0.00,0.00,0.00,0.0,0.0,0.0,0.0,0.00,0.00,0.00,0.00,0.00,0,0,1,0,0,0,0,0,0,12,0,0,
Predrag Rajković,rs SRB,GK,Reims,fr Ligue 1,26,1995,33,33,2970,33.0,36,1.09,125,94,74.4,9,13,11,11,33.3,6,4,1,1,20.0,2,8,1,33.7,0.24,-1.3,-0.04,173,477,36.3,839,168,41.7,38.8,238,53.4,43.4,323,28,8.7,40,1.21,16.4,0,0,0,0,3,0,0.00,0.00,0.00,0.00,0.00,0.0,0.0,0.0,0.0,0.00,0.00,0.00,0.00,0.00,0,0,3,0,0,0,0,0,0,181,0,1,0.0
Diant Ramaj,de GER,GK,Eint Frankfurt,de Bundesliga,20,2001,1,1,90,1.0,1,1.00,4,3,75.0,0,1,0,0,0.0,0,0,0,0,,0,0,0,0.9,0.22,-0.1,-0.14,5,17,29.4,36,6,38.9,35.7,4,75.0,49.0,20,3,15.0,2,2.00,17.4,0,0,0,0,0,0,0.00,0.00,0.00,0.00,0.00,0.0,0.0,0.0,0.0,0.00,0.00,0.00,0.00,0.00,0,0,0,0,0,0,0,0,0,5,0,0,
Aaron Ramsdale,eng ENG,GK,Arsenal,eng Premier League,23,1998,29,29,2610,29.0,31,1.07,106,75,74.5,18,3,8,12,41.4,5,4,0,1,0.0,0,1,0,25.5,0.22,-4.5,-0.16,157,433,36.3,803,134,40.0,37.0,157,71.3,56.6,211,20,9.5,29,1.04,16.1,0,0,0,0,1,0,0.00,0.00,0.00,0.00,0.00,0.0,0.0,0.0,0.0,0.00,0.00,0.00,0.00,0.00,0,0,6,0,0,0,0,0,0,148,0,1,0.0
David Raya,es ESP,GK,Brentford,eng Premier League,26,1995,20,20,1800,20.0,20,1.00,81,61,76.5,8,5,7,7,35.0,1,1,0,0,0.0,1,2,0,20.6,0.24,+0.6,+0.03,201,468,42.9,685,92,52.1,42.0,159,69.8,52.1,188,14,7.4,23,1.21,15.6,0,0,0,0,0,0,0.00,0.00,0.00,0.00,0.00,0.0,0.0,0.0,0.0,0.00,0.00,0.00,0.00,0.00,0,0,2,0,0,0,0,0,0,100,0,0,
Manolo Reina,es ESP,GK,Mallorca,es La Liga,37,1985,18,18,1620,18.0,25,1.39,64,40,64.1,4,8,6,6,33.3,3,2,1,0,33.3,0,1,1,21.6,0.30,-2.4,-0.13,107,299,35.8,393,66,54.2,44.2,152,56.6,43.5,161,10,6.2,11,0.61,15.0,0,0,0,0,4,1,0.00,0.00,0.00,0.00,0.00,0.0,0.0,0.3,0.3,0.00,0.02,0.02,0.00,0.02,0,0,6,0,0,0,0,0,0,84,0,0,
Pepe Reina,es ESP,GK,Lazio,it Serie A,39,1982,15,15,1350,15.0,29,1.93,56,30,55.4,6,4,5,2,13.3,5,4,0,1,0.0,0,2,0,24.2,0.37,-4.8,-0.32,99,182,54.4,426,70,35.0,33.2,99,33.3,32.1,120,6,5.0,10,0.67,13.9,0,1,0,0,3,0,0.00,0.07,0.07,0.00,0.07,0.0,0.0,0.3,0.3,0.00,0.02,0.02,0.00,0.02,0,1,1,0,0,0,1,0,1,61,0,0,
Álex Remiro,es ESP,GK,Real Sociedad,es La Liga,27,1995,30,30,2700,30.0,26,0.87,85,61,72.9,13,10,7,18,60.0,4,3,1,0,25.0,1,4,0,27.9,0.29,+1.9,+0.06,224,470,47.7,860,105,40.6,36.0,212,57.1,47.1,260,19,7.3,30,1.00,16.0,0,0,0,0,1,0,0.00,0.00,0.00,0.00,0.00,0.0,0.0,0.0,0.0,0.00,0.00,0.00,0.00,0.00,0,0,3,0,0,0,0,0,0,139,0,0,
Sergio Rico,es ESP,GK,Mallorca,es La Liga,28,1993,12,12,1080,12.0,21,1.75,40,24,55.0,4,0,8,1,8.3,4,3,1,0,25.0,0,3,2,16.2,0.33,-2.8,-0.23,89,183,48.6,233,39,56.2,44.6,76,68.4,51.8,109,4,3.7,4,0.33,12.4,0,0,0,0,0,0,0.00,0.00,0.00,0.00,0.00,0.0,0.0,0.0,0.0,0.00,0.00,0.00,0.00,0.00,0,0,0,0,0,0,0,0,0,54,0,0,
Sergio Rico,es ESP,GK,Paris S-G,fr Ligue 1,28,1993,1,0,23,0.3,1,3.91,3,2,66.7,0,0,0,0,,0,0,0,0,,0,0,0,1.1,0.41,+0.1,+0.52,2,3,66.7,8,1,37.5,32.3,0,,,4,0,0.0,1,3.91,18.3,0,0,0,0,0,0,0.00,0.00,0.00,0.00,0.00,0.0,0.0,0.0,0.0,0.00,0.00,0.00,0.00,0.00,0,0,0,0,0,0,0,0,0,2,0,0,
Manuel Riemann,de GER,GK,Bochum,de Bundesliga,33,1988,28,28,2520,28.0,39,1.39,134,98,70.9,8,6,14,7,25.0,3,0,2,1,100.0,1,5,4,45.1,0.33,+10.1,+0.36,505,1043,48.4,1248,89,70.7,49.6,219,73.5,52.7,236,25,10.6,48,1.71,17.6,0,1,0,0,2,0,0.00,0.04,0.04,0.00,0.04,0.8,0.0,0.7,0.7,0.03,0.02,0.05,0.00,0.02,0,0,3,0,0,1,0,0,0,173,0,0,
Leonardo Román,es ESP,GK,Mallorca,es La Liga,21,2000,2,2,180,2.0,5,2.50,13,10,69.2,0,0,2,0,0.0,1,1,0,0,0.0,0,0,1,3.1,0.19,-0.9,-0.43,12,32,37.5,53,6,47.2,39.7,16,43.8,38.7,21,2,9.5,3,1.50,17.0,0,0,0,0,0,0,0.00,0.00,0.00,0.00,0.00,0.0,0.0,0.0,0.0,0.00,0.00,0.00,0.00,0.00,0,0,0,0,0,0,0,0,0,9,0,0,
Sergio Romero,ar ARG,GK,Venezia,it Serie A,35,1987,16,16,1440,16.0,33,2.06,99,74,72.7,3,4,9,3,18.8,6,6,0,0,0.0,0,1,2,31.6,0.28,+0.6,+0.04,119,266,44.7,449,101,44.5,38.1,141,46.8,39.3,159,11,6.9,8,0.50,12.1,0,0,0,0,2,0,0.00,0.00,0.00,0.00,0.00,0.0,0.0,0.2,0.2,0.00,0.01,0.01,0.00,0.01,0,1,1,0,0,0,0,0,1,83,0,0,
Francesco Rossi,it ITA,GK,Atalanta,it Serie A,30,1991,1,0,37,0.4,1,2.43,2,1,50.0,0,0,0,0,,0,0,0,0,,0,0,0,1.2,0.59,+0.2,+0.46,2,7,28.6,12,0,41.7,42.0,4,50.0,54.0,3,0,0.0,0,0.00,14.0,0,0,0,0,0,0,0.00,0.00,0.00,0.00,0.00,0.0,0.0,0.0,0.0,0.00,0.00,0.00,0.00,0.00,0,0,0,0,0,0,0,0,0,1,0,0,
Gerónimo Rulli,ar ARG,GK,Villarreal,es La Liga,29,1992,28,28,2520,28.0,24,0.86,84,61,75.0,12,8,8,13,46.4,4,3,1,0,25.0,0,2,1,23.7,0.26,+0.7,+0.03,138,314,43.9,948,143,24.9,32.5,184,42.4,39.6,262,26,9.9,27,0.96,15.6,0,0,0,0,1,0,0.00,0.00,0.00,0.00,0.00,0.0,0.0,0.0,0.0,0.00,0.00,0.00,0.00,0.00,0,0,5,0,0,0,0,0,0,133,0,0,
Mathew Ryan,au AUS,GK,Real Sociedad,es La Liga,30,1992,3,3,270,3.0,5,1.67,15,11,73.3,2,0,1,1,33.3,1,1,0,0,0.0,0,3,0,5.0,0.28,0.0,+0.01,20,58,34.5,88,14,51.1,42.2,19,68.4,49.3,36,4,11.1,1,0.33,14.2,0,0,0,0,0,0,0.00,0.00,0.00,0.00,0.00,0.0,0.0,0.0,0.0,0.00,0.00,0.00,0.00,0.00,0,0,0,0,0,0,0,0,0,16,0,0,
Frederik Rønnow,dk DEN,GK,Union Berlin,de Bundesliga,29,1992,6,6,540,6.0,4,0.67,16,13,75.0,5,1,0,2,33.3,0,0,0,0,,0,0,1,3.1,0.21,+1.1,+0.23,37,106,34.9,156,20,53.8,42.3,34,64.7,50.5,40,7,17.5,2,0.40,17.0,0,0,0,0,1,0,0.00,0.00,0.00,0.00,0.00,0.0,0.0,0.0,0.0,0.00,0.00,0.00,0.00,0.00,0,0,2,0,0,0,0,0,0,21,0,0,
José Sá,pt POR,GK,Wolves,eng Premier League,29,1993,32,32,2880,32.0,28,0.87,125,105,83.2,15,4,13,11,34.4,7,7,0,0,0.0,1,1,1,37.5,0.25,+10.5,+0.33,138,420,32.9,712,169,42.8,39.6,226,50.9,42.7,290,31,10.7,36,1.13,15.7,0,1,0,0,3,0,0.00,0.03,0.03,0.00,0.03,0.0,0.0,1.0,1.0,0.00,0.03,0.03,0.00,0.03,0,3,11,0,0,0,0,0,3,189,0,0,
Romain Salin,fr FRA,GK,Rennes,fr Ligue 1,37,1984,1,1,90,1.0,2,2.00,3,1,33.3,0,0,1,0,0.0,0,0,0,0,,0,0,0,1.0,0.32,-1.0,-1.04,6,9,66.7,29,8,31.0,35.3,3,0.0,13.3,6,1,16.7,1,1.00,14.5,0,0,0,0,0,0,0.00,0.00,0.00,0.00,0.00,0.0,0.0,0.0,0.0,0.00,0.00,0.00,0.00,0.00,0,0,2,0,0,0,0,0,0,8,0,0,
Robert Sánchez,es ESP,GK,Brighton,eng Premier League,24,1997,32,32,2879,32.0,38,1.19,123,87,71.5,9,13,10,9,28.1,4,3,0,1,0.0,0,5,0,39.4,0.30,+1.4,+0.04,166,532,31.2,1140,140,35.1,37.0,193,68.4,53.6,254,31,12.2,30,0.94,14.4,0,0,0,0,3,1,0.00,0.00,0.00,0.00,0.00,0.0,0.0,0.4,0.4,0.00,0.01,0.01,0.00,0.01,0,0,3,0,0,0,0,0,0,138,0,0,
Kasper Schmeichel,dk DEN,GK,Leicester City,eng Premier League,35,1986,32,32,2880,32.0,51,1.59,152,108,70.4,11,9,12,6,18.8,9,6,2,1,25.0,1,13,1,49.5,0.30,-0.5,-0.02,229,531,43.1,832,121,47.7,39.6,257,52.1,44.1,246,17,6.9,15,0.48,12.6,0,0,0,0,2,0,0.00,0.00,0.00,0.00,0.00,0.0,0.0,0.0,0.0,0.00,0.00,0.00,0.00,0.00,0,0,2,0,0,0,0,0,0,135,0,1,0.0
Marvin Schwäbe,de GER,GK,Köln,de Bundesliga,26,1995,18,18,1620,18.0,24,1.33,80,56,70.0,9,4,5,3,16.7,0,0,0,0,,2,1,0,21.5,0.29,-1.5,-0.09,121,241,50.2,679,65,29.2,32.0,115,37.4,36.3,122,8,6.6,7,0.41,13.4,0,0,0,0,0,0,0.00,0.00,0.00,0.00,0.00,0.0,0.0,0.0,0.0,0.00,0.00,0.00,0.00,0.00,0,0,2,0,0,0,0,0,0,68,0,0,
Alexander Schwolow,de GER,GK,Hertha BSC,de Bundesliga,29,1992,25,25,2175,24.2,51,2.11,120,73,61.7,7,5,13,4,16.0,5,5,0,0,0.0,1,7,0,48.0,0.37,-3.0,-0.13,164,386,42.5,629,129,39.4,36.2,204,67.6,50.8,258,12,4.7,14,0.58,13.3,0,0,0,0,1,0,0.00,0.00,0.00,0.00,0.00,0.0,0.0,0.0,0.0,0.00,0.00,0.00,0.00,0.00,0,2,2,0,0,1,0,0,1,124,0,0,
Matz Sels,be BEL,GK,Strasbourg,fr Ligue 1,30,1992,32,32,2880,32.0,35,1.09,100,70,69.0,14,11,7,11,34.4,4,4,0,0,0.0,0,4,1,32.6,0.30,-1.4,-0.04,167,386,43.3,623,115,45.6,38.2,202,50.5,43.7,238,20,8.4,20,0.63,14.3,0,0,0,0,1,0,0.00,0.00,0.00,0.00,0.00,0.1,0.1,0.0,0.1,0.00,0.00,0.00,0.00,0.00,0,1,5,0,0,0,0,0,0,126,1,0,100.0
Luigi Sepe,it ITA,GK,Salernitana,it Serie A,30,1991,11,11,969,10.8,19,1.76,54,38,70.4,2,5,4,1,9.1,3,3,0,0,0.0,0,0,0,18.6,0.29,-0.4,-0.04,115,234,49.1,307,26,58.0,44.7,84,66.7,49.1,103,3,2.9,7,0.65,14.1,0,0,0,0,2,0,0.00,0.00,0.00,0.00,0.00,0.0,0.0,0.0,0.0,0.00,0.00,0.00,0.00,0.00,0,0,2,0,0,0,0,0,0,53,0,0,
Rui Silva,pt POR,GK,Betis,es La Liga,28,1994,18,18,1620,18.0,19,1.06,55,38,69.1,9,3,6,5,27.8,2,2,0,0,0.0,0,3,0,19.6,0.32,+0.6,+0.03,98,247,39.7,440,80,39.8,36.3,129,55.8,45.4,158,8,5.1,17,0.94,14.1,0,0,0,0,2,0,0.00,0.00,0.00,0.00,0.00,0.0,0.0,0.0,0.0,0.00,0.00,0.00,0.00,0.00,0,1,3,0,0,0,0,0,1,82,0,0,
Marco Silvestri,it ITA,GK,Udinese,it Serie A,31,1991,30,30,2700,30.0,42,1.40,107,70,65.4,9,12,9,6,20.0,5,5,0,0,0.0,0,5,1,36.2,0.30,-4.8,-0.16,173,436,39.7,609,80,53.0,41.6,216,52.3,42.4,207,11,5.3,3,0.10,11.5,0,0,0,0,1,0,0.00,0.00,0.00,0.00,0.00,0.0,0.0,0.1,0.1,0.00,0.00,0.00,0.00,0.00,0,1,6,0,0,0,0,0,1,123,0,0,
Unai Simón,es ESP,GK,Athletic Club,es La Liga,24,1997,29,29,2610,29.0,29,1.00,98,68,73.5,11,10,8,9,31.0,3,3,0,0,0.0,0,2,1,28.8,0.27,+0.8,+0.03,155,357,43.4,600,164,42.8,37.4,203,49.3,43.2,313,21,6.7,19,0.66,15.2,0,0,0,0,2,0,0.00,0.00,0.00,0.00,0.00,0.0,0.0,0.0,0.0,0.00,0.00,0.00,0.00,0.00,0,0,1,0,0,0,0,0,0,133,0,0,
Salvatore Sirigu,it ITA,GK,Genoa,it Serie A,35,1987,33,33,2970,33.0,54,1.64,160,109,68.1,2,16,15,9,27.3,4,3,1,0,25.0,3,7,2,48.3,0.30,-3.7,-0.11,258,593,43.5,859,94,50.8,39.9,239,65.7,45.8,270,13,4.8,12,0.36,13.2,0,0,0,0,0,0,0.00,0.00,0.00,0.00,0.00,0.0,0.0,0.0,0.0,0.00,0.00,0.00,0.00,0.00,0,0,3,0,0,0,0,0,0,118,0,0,
Antonio Sivera,es ESP,GK,Alavés,es La Liga,25,1996,3,2,187,2.1,3,1.44,9,7,77.8,0,1,1,1,50.0,1,1,0,0,0.0,0,1,0,2.1,0.13,-0.9,-0.44,22,56,39.3,44,4,77.3,54.6,28,78.6,58.2,31,6,19.4,1,0.48,11.2,0,0,0,0,1,0,0.00,0.00,0.00,0.00,0.00,0.0,0.0,0.0,0.0,0.00,0.00,0.00,0.00,0.00,0,0,0,0,0,0,0,0,0,6,0,0,
Łukasz Skorupski,pl POL,GK,Bologna,it Serie A,30,1991,32,32,2880,32.0,45,1.41,141,105,73.0,10,8,14,11,34.4,7,7,0,0,0.0,1,4,2,45.6,0.29,+2.6,+0.08,215,477,45.1,869,139,45.5,38.0,244,33.6,30.0,313,19,6.1,6,0.19,11.6,0,0,0,0,3,0,0.00,0.00,0.00,0.00,0.00,0.0,0.0,0.0,0.0,0.00,0.00,0.00,0.00,0.00,0,1,5,0,0,0,0,0,1,141,0,1,0.0
Yann Sommer,ch SUI,GK,M'Gladbach,de Bundesliga,33,1988,31,31,2790,31.0,58,1.87,166,110,66.9,10,8,13,5,16.1,5,3,2,0,40.0,1,5,1,58.6,0.35,+4.6,+0.15,210,512,41.0,1134,141,36.9,34.8,195,47.7,40.6,215,14,6.5,32,1.07,15.3,0,1,0,0,2,0,0.00,0.03,0.03,0.00,0.03,0.0,0.0,0.3,0.3,0.00,0.01,0.01,0.00,0.01,0,0,8,0,0,1,0,0,0,167,0,0,
David Soria,es ESP,GK,Getafe,es La Liga,29,1993,33,33,2964,32.9,37,1.12,114,77,69.3,8,11,14,11,33.3,4,2,1,1,33.3,0,5,1,34.7,0.28,-1.3,-0.04,336,785,42.8,766,81,75.1,52.3,248,84.7,58.4,316,38,12.0,27,0.82,14.5,0,0,0,0,3,0,0.00,0.00,0.00,0.00,0.00,0.0,0.0,0.0,0.0,0.00,0.00,0.00,0.00,0.00,0,1,5,0,0,0,0,0,1,165,0,0,
Marco Sportiello,it ITA,GK,Atalanta,it Serie A,29,1992,5,5,450,5.0,5,1.00,16,12,81.3,0,3,2,2,40.0,2,2,0,0,0.0,0,1,0,5.3,0.22,+0.3,+0.06,18,45,40.0,104,28,23.1,28.7,28,75.0,52.5,24,2,8.3,5,1.00,12.2,0,0,0,0,1,0,0.00,0.00,0.00,0.00,0.00,0.0,0.0,0.0,0.0,0.00,0.00,0.00,0.00,0.00,0,0,1,0,0,0,0,0,0,28,0,0,
Jason Steele,eng ENG,GK,Brighton,eng Premier League,31,1990,1,1,90,1.0,2,2.00,5,3,60.0,0,0,1,0,0.0,0,0,0,0,,0,1,0,1.2,0.25,-0.8,-0.77,3,7,42.9,32,2,12.5,26.2,6,50.0,43.8,11,1,9.1,0,0.00,13.0,0,0,0,0,0,0,0.00,0.00,0.00,0.00,0.00,0.0,0.0,0.0,0.0,0.00,0.00,0.00,0.00,0.00,0,0,0,0,0,0,0,0,0,3,0,0,
Jed Steer,eng ENG,GK,Aston Villa,eng Premier League,29,1992,1,1,90,1.0,3,3.00,4,1,25.0,0,0,1,0,0.0,0,0,0,0,,0,0,0,1.8,0.45,-1.2,-1.20,5,13,38.5,30,6,30.0,34.4,6,66.7,53.8,8,1,12.5,1,1.00,14.3,0,0,0,0,0,0,0.00,0.00,0.00,0.00,0.00,0.0,0.0,0.0,0.0,0.00,0.00,0.00,0.00,0.00,0,0,0,0,0,0,0,0,0,6,0,0,
Zack Steffen,us USA,GK,Manchester City,eng Premier League,27,1995,1,1,90,1.0,0,0.00,2,2,100.0,1,0,0,1,100.0,0,0,0,0,,0,0,0,0.3,0.16,+0.3,+0.31,4,9,44.4,31,6,22.6,26.0,7,28.6,25.3,7,0,0.0,2,2.00,17.5,0,0,0,0,0,0,0.00,0.00,0.00,0.00,0.00,0.0,0.0,0.0,0.0,0.00,0.00,0.00,0.00,0.00,0,0,0,0,0,0,0,0,0,7,0,0,
Thomas Strakosha,al ALB,GK,Lazio,it Serie A,27,1995,18,18,1620,18.0,19,1.06,65,46,72.3,10,4,4,6,33.3,1,1,0,0,0.0,1,4,1,19.2,0.28,+1.2,+0.07,88,162,54.3,464,76,29.7,30.6,97,24.7,25.3,150,8,5.3,6,0.33,15.2,0,0,0,0,1,0,0.00,0.00,0.00,0.00,0.00,0.0,0.0,0.0,0.0,0.00,0.00,0.00,0.00,0.00,0,1,0,0,0,0,0,0,1,70,0,0,
Wojciech Szczęsny,pl POL,GK,Juventus,it Serie A,32,1990,30,30,2700,30.0,25,0.83,86,63,73.3,16,9,5,12,40.0,5,2,3,0,60.0,2,5,0,27.2,0.28,+2.2,+0.07,161,315,51.1,731,128,34.7,34.6,158,38.6,34.7,285,21,7.4,13,0.43,13.1,0,0,0,0,2,0,0.00,0.00,0.00,0.00,0.00,0.0,0.0,0.1,0.1,0.00,0.00,0.00,0.00,0.00,0,2,5,0,0,0,0,0,2,109,0,0,
Ciprian Tătărușanu,ro ROU,GK,Milan,it Serie A,36,1986,6,6,540,6.0,10,1.67,21,14,61.9,4,1,1,1,16.7,3,2,1,0,33.3,0,1,1,9.0,0.30,0.0,-0.01,37,79,46.8,168,12,39.3,36.8,38,34.2,37.6,49,2,4.1,4,0.67,13.0,0,0,0,0,0,0,0.00,0.00,0.00,0.00,0.00,0.0,0.0,0.0,0.0,0.00,0.00,0.00,0.00,0.00,0,0,1,0,0,0,0,0,0,19,0,0,
Marc-André ter Stegen,de GER,GK,Barcelona,es La Liga,29,1992,30,30,2700,30.0,29,0.97,95,68,71.6,17,8,5,10,33.3,3,2,1,0,33.3,0,6,0,30.7,0.31,+1.7,+0.06,190,324,58.6,937,124,26.9,29.9,188,38.3,35.2,198,13,6.6,7,0.23,12.8,0,0,0,0,3,0,0.00,0.00,0.00,0.00,0.00,0.0,0.0,0.1,0.1,0.00,0.00,0.00,0.00,0.00,0,0,6,0,0,0,0,0,0,114,0,0,
Pietro Terracciano,it ITA,GK,Fiorentina,it Serie A,32,1990,26,25,2322,25.8,32,1.24,75,47,60.0,14,5,6,7,28.0,3,2,1,0,33.3,0,2,2,27.1,0.33,-2.9,-0.11,245,462,53.0,1117,111,36.3,35.3,138,40.6,36.2,157,16,10.2,26,1.01,16.2,0,0,0,0,0,0,0.00,0.00,0.00,0.00,0.00,0.0,0.0,0.0,0.0,0.00,0.00,0.00,0.00,0.00,0,0,5,0,0,0,0,0,0,126,0,0,
Kevin Trapp,de GER,GK,Eint Frankfurt,de Bundesliga,31,1990,29,29,2610,29.0,41,1.41,144,105,74.3,10,9,10,5,17.2,4,4,0,0,0.0,0,4,0,42.5,0.29,+3.5,+0.13,183,564,32.4,890,127,49.7,38.7,219,55.7,46.1,234,9,3.8,29,1.04,15.8,0,0,0,0,2,0,0.00,0.00,0.00,0.00,0.00,0.0,0.0,0.0,0.0,0.00,0.00,0.00,0.00,0.00,0,0,3,0,0,0,0,0,0,145,0,0,
Sven Ulreich,de GER,GK,Bayern Munich,de Bundesliga,33,1988,5,5,450,5.0,8,1.60,16,10,56.3,2,1,2,1,20.0,1,1,0,0,0.0,1,1,1,6.7,0.36,-0.3,-0.06,20,46,43.5,169,23,25.4,28.0,27,11.1,19.7,26,5,19.2,8,1.60,19.9,0,0,0,0,0,0,0.00,0.00,0.00,0.00,0.00,0.0,0.0,0.0,0.0,0.00,0.00,0.00,0.00,0.00,0,0,2,0,0,0,0,0,0,24,0,0,
Benjamin Uphoff,de GER,GK,Freiburg,de Bundesliga,28,1993,2,2,180,2.0,7,3.50,12,5,41.7,0,1,1,0,0.0,0,0,0,0,,0,2,0,2.9,0.24,-4.1,-2.05,26,53,49.1,70,14,47.1,38.2,20,100.0,65.1,14,1,7.1,2,1.00,13.1,0,0,0,0,0,0,0.00,0.00,0.00,0.00,0.00,0.0,0.0,0.0,0.0,0.00,0.00,0.00,0.00,0.00,0,0,0,0,0,0,0,0,0,11,0,0,
Rúben Vezo,pt POR,DF,Levante,es La Liga,27,1994,1,1,4,24.0,0,0.00,0,0,,0,1,0,0,0.0,0,0,0,0,,0,0,0,0.0,,0.0,0.00,2,4,50.0,3,0,100.0,61.7,1,100.0,64.0,2,0,0.0,0,0.00,,0,0,0,0,3,0,0.00,0.00,0.00,0.00,0.00,0.8,0.8,0.2,1.0,0.03,0.01,0.04,0.03,0.04,0,27,26,0,3,44,30,1,1,217,64,39,62.1
Guglielmo Vicario,it ITA,GK,Empoli,it Serie A,25,1996,33,33,2970,33.0,60,1.82,179,124,68.2,8,10,15,6,18.2,7,3,1,3,25.0,1,4,5,56.4,0.30,+1.4,+0.04,150,383,39.2,911,182,30.1,31.9,229,47.6,40.5,338,30,8.9,16,0.48,13.1,0,0,0,0,0,0,0.00,0.00,0.00,0.00,0.00,0.0,0.0,0.0,0.0,0.00,0.00,0.00,0.00,0.00,0,1,8,0,0,0,0,0,1,142,0,0,
Freddie Woodman,eng ENG,GK,Newcastle Utd,eng Premier League,25,1997,4,4,360,4.0,12,3.00,19,9,47.4,0,1,3,0,0.0,3,2,1,0,33.3,0,0,0,8.7,0.35,-3.3,-0.83,22,71,31.0,80,11,53.8,43.3,43,65.1,52.0,33,2,6.1,0,0.00,11.6,0,0,0,0,0,0,0.00,0.00,0.00,0.00,0.00,0.0,0.0,0.0,0.0,0.00,0.00,0.00,0.00,0.00,0,0,0,0,0,0,0,0,0,15,0,0,
Robin Zentner,de GER,GK,Mainz 05,de Bundesliga,27,1994,31,31,2790,31.0,41,1.32,114,78,67.5,11,6,14,10,32.3,5,4,1,0,20.0,0,4,1,38.5,0.31,-1.5,-0.05,141,419,33.7,744,163,41.0,37.9,231,49.4,43.3,242,23,9.5,47,1.52,17.3,0,0,0,0,1,0,0.00,0.00,0.00,0.00,0.00,0.0,0.0,0.0,0.0,0.00,0.00,0.00,0.00,0.00,0,1,4,0,0,0,0,0,1,168,0,0,
Luca Zidane,fr FRA,"GK,MF",Rayo Vallecano,es La Liga,23,1998,7,7,555,6.2,9,1.46,31,22,71.0,0,1,6,0,0.0,0,0,0,0,,0,1,0,9.0,0.29,0.0,+0.01,47,95,49.5,155,37,42.6,38.1,46,63.0,50.0,49,4,8.2,2,0.32,12.4,0,0,0,0,0,1,0.00,0.00,0.00,0.00,0.00,0.0,0.0,0.0,0.0,0.00,0.00,0.00,0.00,0.00,0,0,1,0,0,0,0,0,0,33,0,0,
Jeroen Zoet,nl NED,GK,Spezia,it Serie A,31,1991,7,7,630,7.0,19,2.71,40,22,55.0,1,1,5,0,0.0,2,1,1,0,50.0,0,3,0,17.5,0.39,-1.5,-0.22,29,81,35.8,181,41,32.0,33.9,54,42.6,39.4,52,3,5.8,5,0.71,13.7,0,0,0,0,0,0,0.00,0.00,0.00,0.00,0.00,0.0,0.0,0.0,0.0,0.00,0.00,0.00,0.00,0.00,0,1,3,0,0,0,0,0,1,33,0,0,
